arm,accepted,coverage,mean_delta_e00
image,1,0.004310344827586207,4.960160194342646
image,2,0.008620689655172414,3.413692116321658
image,3,0.01293103448275862,5.138477796785778
image,4,0.017241379310344827,4.56058866678892
image,5,0.021551724137931036,4.453218941637327
image,6,0.02586206896551724,5.070069033457762
image,7,0.03017241379310345,5.259390553454875
image,8,0.034482758620689655,4.873058213592507
image,9,0.03879310344827586,5.048091036555067
image,10,0.04310344827586207,5.228373512289182
image,11,0.04741379310344827,4.971087931877062
image,12,0.05172413793103448,5.055491312346973
image,13,0.05603448275862069,5.19619259913157
image,14,0.0603448275862069,4.968892550639015
image,15,0.06465517241379311,4.929679196653722
image,16,0.06896551724137931,4.797732453030668
image,17,0.07327586206896551,4.907052573730719
image,18,0.07758620689655173,4.865410376763585
image,19,0.08189655172413793,4.820608471445205
image,20,0.08620689655172414,4.740755564810818
image,21,0.09051724137931035,4.66583108758767
image,22,0.09482758620689655,4.54402827028454
image,23,0.09913793103448276,4.567029438909158
image,24,0.10344827586206896,4.420963159655082
image,25,0.10775862068965517,4.436431135883885
image,26,0.11206896551724138,4.398506123518576
image,27,0.11637931034482758,4.402504819471643
image,28,0.1206896551724138,4.391961297827916
image,29,0.125,4.36924958759289
image,30,0.12931034482758622,4.487811323497588
image,31,0.1336206896551724,4.522008447619484
image,32,0.13793103448275862,4.501423281072499
image,33,0.14224137931034483,4.416622066927077
image,34,0.14655172413793102,4.353031844874778
image,35,0.15086206896551724,4.383109297958341
image,36,0.15517241379310345,4.36178595189007
image,37,0.15948275862068967,4.334044023712247
image,38,0.16379310344827586,4.750956377356954
image,39,0.16810344827586207,4.7321629757407555
image,40,0.1724137931034483,4.678993216344824
image,41,0.17672413793103448,4.869519133360172
image,42,0.1810344827586207,4.839542342298118
image,43,0.1853448275862069,4.885643478749835
image,44,0.1896551724137931,4.823111032728155
image,45,0.1939655172413793,4.800659981759429
image,46,0.19827586206896552,4.783452729835605
image,47,0.2025862068965517,4.754502849658877
image,48,0.20689655172413793,4.68910728444299
image,49,0.21120689655172414,4.71931623315387
image,50,0.21551724137931033,4.655496844284648
image,51,0.21982758620689655,5.01588417886893
image,52,0.22413793103448276,5.057088938981052
image,53,0.22844827586206898,5.0488915025209975
image,54,0.23275862068965517,4.993867425142458
image,55,0.23706896551724138,4.948667524172671
image,56,0.2413793103448276,4.895106317848654
image,57,0.24568965517241378,4.840913095974492
image,58,0.25,4.795219769474051
image,59,0.2543103448275862,4.742687758673555
image,60,0.25862068965517243,4.731509666345844
image,61,0.2629310344827586,4.744176868338698
image,62,0.2672413793103448,4.731058740939743
image,63,0.27155172413793105,4.7504150096168845
image,64,0.27586206896551724,4.72378773932628
image,65,0.2801724137931034,4.687388078454774
image,66,0.28448275862068967,4.725407920915304
image,67,0.28879310344827586,4.6930959325575685
image,68,0.29310344827586204,4.662038499295445
image,69,0.2974137931034483,4.651267908631194
image,70,0.3017241379310345,4.845280233459945
image,71,0.30603448275862066,4.827168517677211
image,72,0.3103448275862069,4.793770912336078
image,73,0.3146551724137931,4.869906529286894
image,74,0.31896551724137934,4.89618825539706
image,75,0.3232758620689655,4.915869085614685
image,76,0.3275862068965517,4.897210005990737
image,77,0.33189655172413796,4.877426367641687
image,78,0.33620689655172414,4.878029731613709
image,79,0.34051724137931033,4.8976475924400455
image,80,0.3448275862068966,4.90963512344483
image,81,0.34913793103448276,4.8785182093516495
image,82,0.35344827586206895,4.8650014496670195
image,83,0.3577586206896552,4.8394447025565555
image,84,0.3620689655172414,4.80122168175562
image,85,0.36637931034482757,4.808789522298689
image,86,0.3706896551724138,4.837666156771506
image,87,0.375,4.803472047044849
image,88,0.3793103448275862,4.787464972265797
image,89,0.38362068965517243,4.776573147756271
image,90,0.3879310344827586,4.796731711950291
image,91,0.3922413793103448,4.764119356215158
image,92,0.39655172413793105,4.789471262061798
image,93,0.40086206896551724,4.801195923715945
image,94,0.4051724137931034,4.822090902718334
image,95,0.40948275862068967,4.787839831391124
image,96,0.41379310344827586,4.770012677579117
image,97,0.41810344827586204,4.753595005947983
image,98,0.4224137931034483,4.753795317225392
image,99,0.4267241379310345,4.737429369466086
image,100,0.43103448275862066,4.708487412653466
image,101,0.4353448275862069,4.719112542052511
image,102,0.4396551724137931,4.747375600744733
image,103,0.44396551724137934,4.712818390561945
image,104,0.4482758620689655,4.7418679247338344
image,105,0.4525862068965517,4.759080785298121
image,106,0.45689655172413796,4.730436750932246
image,107,0.46120689655172414,4.711227677529183
image,108,0.46551724137931033,4.694835912765082
image,109,0.4698275862068966,4.6887977624095685
image,110,0.47413793103448276,4.703818485091606
image,111,0.47844827586206895,4.717617476660099
image,112,0.4827586206896552,4.816384609665488
image,113,0.4870689655172414,4.785780465659179
image,114,0.49137931034482757,4.836757507811733
image,115,0.4956896551724138,4.874322296030908
image,116,0.5,4.857519000825526
image,117,0.5043103448275862,4.847419175198742
image,118,0.5086206896551724,4.828932760107864
image,119,0.5129310344827587,4.80420511923468
image,120,0.5172413793103449,4.799828369515361
image,121,0.521551724137931,4.843276973241905
image,122,0.5258620689655172,4.856410333552561
image,123,0.5301724137931034,4.860060772456495
image,124,0.5344827586206896,4.846872545431964
image,125,0.5387931034482759,4.866407595875418
image,126,0.5431034482758621,4.8676696478530825
image,127,0.5474137931034483,4.882334870460798
image,128,0.5517241379310345,4.870020402757761
image,129,0.5560344827586207,4.853380214182857
image,130,0.5603448275862069,4.82848228841747
image,131,0.5646551724137931,4.864992812154804
image,132,0.5689655172413793,4.935363700667675
image,133,0.5732758620689655,4.9632094238085775
image,134,0.5775862068965517,4.943136901364741
image,135,0.5818965517241379,4.9293103497302395
image,136,0.5862068965517241,4.939831460499248
image,137,0.5905172413793104,4.9231699769743065
image,138,0.5948275862068966,4.98654796155564
image,139,0.5991379310344828,5.020794553491868
image,140,0.603448275862069,5.0142781379265715
image,141,0.6077586206896551,4.991050935285279
image,142,0.6120689655172413,4.996842630124334
image,143,0.6163793103448276,5.021584158710773
image,144,0.6206896551724138,5.087933368626801
image,145,0.625,5.092324095988162
image,146,0.6293103448275862,5.076218310103051
image,147,0.6336206896551724,5.085306776295671
image,148,0.6379310344827587,5.088728664558775
image,149,0.6422413793103449,5.143754153990532
image,150,0.646551724137931,5.151521261860505
image,151,0.6508620689655172,5.136161566374892
image,152,0.6551724137931034,5.1296320761660406
image,153,0.6594827586206896,5.121883844319352
image,154,0.6637931034482759,5.159684187388031
image,155,0.6681034482758621,5.156403812146279
image,156,0.6724137931034483,5.1714540686839925
image,157,0.6767241379310345,5.153885465596674
image,158,0.6810344827586207,5.13019987731241
image,159,0.6853448275862069,5.133743517307836
image,160,0.6896551724137931,5.210540397209005
image,161,0.6939655172413793,5.240205908513738
image,162,0.6982758620689655,5.250729743603699
image,163,0.7025862068965517,5.240342570933987
image,164,0.7068965517241379,5.25050029549329
image,165,0.7112068965517241,5.237512108812626
image,166,0.7155172413793104,5.225457908224802
image,167,0.7198275862068966,5.213146879776037
image,168,0.7241379310344828,5.204327769422316
image,169,0.728448275862069,5.220673444039946
image,170,0.7327586206896551,5.224858913768361
image,171,0.7370689655172413,5.2103436799237395
image,172,0.7413793103448276,5.242057015678262
image,173,0.7456896551724138,5.253766285601289
image,174,0.75,5.241316424369557
image,175,0.7543103448275862,5.246525466615683
image,176,0.7586206896551724,5.251067452635927
image,177,0.7629310344827587,5.253618338929475
image,178,0.7672413793103449,5.258127482164904
image,179,0.771551724137931,5.265325276378103
image,180,0.7758620689655172,5.2790965045161995
image,181,0.7801724137931034,5.294898176519989
image,182,0.7844827586206896,5.302152911727853
image,183,0.7887931034482759,5.331553517916135
image,184,0.7931034482758621,5.354713797982934
image,185,0.7974137931034483,5.392201450056674
image,186,0.8017241379310345,5.391797915881955
image,187,0.8060344827586207,5.4356237405503665
image,188,0.8103448275862069,5.4465788691413275
image,189,0.8146551724137931,5.48194560907528
image,190,0.8189655172413793,5.473458395945204
image,191,0.8232758620689655,5.508615203683706
image,192,0.8275862068965517,5.578803979899539
image,193,0.8318965517241379,5.5934829853857195
image,194,0.8362068965517241,5.591716368345086
image,195,0.8405172413793104,5.600680023988672
image,196,0.8448275862068966,5.5997343536380315
image,197,0.8491379310344828,5.641979159163038
image,198,0.853448275862069,5.623673586618857
image,199,0.8577586206896551,5.659572502952689
image,200,0.8620689655172413,5.662053186544715
image,201,0.8663793103448276,5.673551971601792
image,202,0.8706896551724138,5.664843040219881
image,203,0.875,5.674935636964132
image,204,0.8793103448275862,5.682687274346571
image,205,0.8836206896551724,5.665867509647049
image,206,0.8879310344827587,5.664518226693281
image,207,0.8922413793103449,5.6488337097467225
image,208,0.896551724137931,5.65472379429151
image,209,0.9008620689655172,5.690759978636446
image,210,0.9051724137931034,5.730074777241917
image,211,0.9094827586206896,5.7356005362934
image,212,0.9137931034482759,5.716695759984688
image,213,0.9181034482758621,5.740716777258293
image,214,0.9224137931034483,5.727831372115467
image,215,0.9267241379310345,5.780956644773258
image,216,0.9310344827586207,5.77853336373973
image,217,0.9353448275862069,5.79592924856063
image,218,0.9396551724137931,5.812585443285633
image,219,0.9439655172413793,5.835642579885665
image,220,0.9482758620689655,5.828461023879363
image,221,0.9525862068965517,5.821095896259095
image,222,0.9568965517241379,5.8271095856322965
image,223,0.9612068965517241,5.873377407670713
image,224,0.9655172413793104,5.911415397981005
image,225,0.9698275862068966,5.899616447726558
image,226,0.9741379310344828,5.917188956278227
image,227,0.978448275862069,5.960809929216572
image,228,0.9827586206896551,6.008235547581163
image,229,0.9870689655172413,6.05501308257715
image,230,0.9913793103448276,6.071333396202825
image,231,0.9956896551724138,6.081102747217373
image,232,1.0,6.108242323281772
person_site,1,0.004310344827586207,4.438367515288907
person_site,2,0.008620689655172414,3.1200840662052074
person_site,3,0.01293103448275862,4.779899122432905
person_site,4,0.017241379310344827,4.320485819970614
person_site,5,0.021551724137931036,4.4060505390277065
person_site,6,0.02586206896551724,4.990016652064717
person_site,7,0.03017241379310345,5.228810880127317
person_site,8,0.034482758620689655,4.8326979245147506
person_site,9,0.03879310344827586,5.020207379502718
person_site,10,0.04310344827586207,5.16241381256505
person_site,11,0.04741379310344827,4.891630622625722
person_site,12,0.05172413793103448,4.956935285423707
person_site,13,0.05603448275862069,5.134484727608541
person_site,14,0.0603448275862069,4.903990175173663
person_site,15,0.06465517241379311,4.880851599039159
person_site,16,0.06896551724137931,4.760120106117721
person_site,17,0.07327586206896551,4.829379038269454
person_site,18,0.07758620689655173,4.826207572713093
person_site,19,0.08189655172413793,4.786706939327936
person_site,20,0.08620689655172414,4.724443084258955
person_site,21,0.09051724137931035,4.667438028984397
person_site,22,0.09482758620689655,4.545054830945543
person_site,23,0.09913793103448276,4.579774312083976
person_site,24,0.10344827586206896,4.435999109008648
person_site,25,0.10775862068965517,4.449998594244282
person_site,26,0.11206896551724138,4.40767788257093
person_site,27,0.11637931034482758,4.427204041877769
person_site,28,0.1206896551724138,4.424098362680323
person_site,29,0.125,4.413888370659603
person_site,30,0.12931034482758622,4.53936812931135
person_site,31,0.1336206896551724,4.598301035328224
person_site,32,0.13793103448275862,4.588219008678574
person_site,33,0.14224137931034483,4.4858098838627
person_site,34,0.14655172413793102,4.421268611940865
person_site,35,0.15086206896551724,4.437059754037349
person_site,36,0.15517241379310345,4.41926315468226
person_site,37,0.15948275862068967,4.409870495784058
person_site,38,0.16379310344827586,4.820702261020435
person_site,39,0.16810344827586207,4.8081550287574055
person_site,40,0.1724137931034483,4.756277761916171
person_site,41,0.17672413793103448,4.93697473634091
person_site,42,0.1810344827586207,4.901196864802834
person_site,43,0.1853448275862069,4.95331232738958
person_site,44,0.1896551724137931,4.89367561209367
person_site,45,0.1939655172413793,4.882814197162202
person_site,46,0.19827586206896552,4.870184443271692
person_site,47,0.2025862068965517,4.841135215486934
person_site,48,0.20689655172413793,4.764319363361122
person_site,49,0.21120689655172414,4.797455307864692
person_site,50,0.21551724137931033,4.733138396913727
person_site,51,0.21982758620689655,5.092279013837348
person_site,52,0.22413793103448276,5.132275309928548
person_site,53,0.22844827586206898,5.117494049539379
person_site,54,0.23275862068965517,5.055917705256106
person_site,55,0.23706896551724138,5.005987898008365
person_site,56,0.2413793103448276,4.944727053017689
person_site,57,0.24568965517241378,4.892845513535608
person_site,58,0.25,4.854405470363631
person_site,59,0.2543103448275862,4.813120377896419
person_site,60,0.25862068965517243,4.79931180888769
person_site,61,0.2629310344827586,4.807319854173399
person_site,62,0.2672413793103448,4.793116810495149
person_site,63,0.27155172413793105,4.817278799125926
person_site,64,0.27586206896551724,4.793245319677859
person_site,65,0.2801724137931034,4.756646979399302
person_site,66,0.28448275862068967,4.791839232122443
person_site,67,0.28879310344827586,4.755782537520974
person_site,68,0.29310344827586204,4.7304166950279045
person_site,69,0.2974137931034483,4.725446017230612
person_site,70,0.3017241379310345,4.92174947069205
person_site,71,0.30603448275862066,4.90113113104774
person_site,72,0.3103448275862069,4.871148786537532
person_site,73,0.3146551724137931,4.947212511991222
person_site,74,0.31896551724137934,4.962816702801802
person_site,75,0.3232758620689655,4.979196844343445
person_site,76,0.3275862068965517,4.964852733084632
person_site,77,0.33189655172413796,4.936846964768656
person_site,78,0.33620689655172414,4.9406609494212
person_site,79,0.34051724137931033,4.948170582104184
person_site,80,0.3448275862068966,4.962581203515598
person_site,81,0.34913793103448276,4.9317544184279525
person_site,82,0.35344827586206895,4.916618168897846
person_site,83,0.3577586206896552,4.891317144943991
person_site,84,0.3620689655172414,4.85358816665084
person_site,85,0.36637931034482757,4.87186771867895
person_site,86,0.3706896551724138,4.89994179480447
person_site,87,0.375,4.873246870899091
person_site,88,0.3793103448275862,4.857994847874666
person_site,89,0.38362068965517243,4.846478878159411
person_site,90,0.3879310344827586,4.8645316704523545
person_site,91,0.3922413793103448,4.838516764173051
person_site,92,0.39655172413793105,4.857051288558683
person_site,93,0.40086206896551724,4.862992577296166
person_site,94,0.4051724137931034,4.88807218355696
person_site,95,0.40948275862068967,4.856356272814229
person_site,96,0.41379310344827586,4.833211176594763
person_site,97,0.41810344827586204,4.817707357861164
person_site,98,0.4224137931034483,4.817417125451315
person_site,99,0.4267241379310345,4.802462860909835
person_site,100,0.43103448275862066,4.7764507030751835
person_site,101,0.4353448275862069,4.78667209543853
person_site,102,0.4396551724137931,4.810213216050172
person_site,103,0.44396551724137934,4.779030666305805
person_site,104,0.4482758620689655,4.799169282424171
person_site,105,0.4525862068965517,4.815000394354605
person_site,106,0.45689655172413796,4.784285173636217
person_site,107,0.46120689655172414,4.762024260218574
person_site,108,0.46551724137931033,4.751049644745548
person_site,109,0.4698275862068966,4.747420434397277
person_site,110,0.47413793103448276,4.750175648679027
person_site,111,0.47844827586206895,4.7547373058517515
person_site,112,0.4827586206896552,4.855789768129848
person_site,113,0.4870689655172414,4.825945963661514
person_site,114,0.49137931034482757,4.8742547206856495
person_site,115,0.4956896551724138,4.90642080300788
person_site,116,0.5,4.889059239507022
person_site,117,0.5043103448275862,4.871721519875234
person_site,118,0.5086206896551724,4.850913641921075
person_site,119,0.5129310344827587,4.829795822510167
person_site,120,0.5172413793103449,4.82442027699114
person_site,121,0.521551724137931,4.86409770666279
person_site,122,0.5258620689655172,4.872323892610999
person_site,123,0.5301724137931034,4.876102290066087
person_site,124,0.5344827586206896,4.863127067191453
person_site,125,0.5387931034482759,4.880159299965995
person_site,126,0.5431034482758621,4.882911098280149
person_site,127,0.5474137931034483,4.894826892207241
person_site,128,0.5517241379310345,4.882403783129011
person_site,129,0.5560344827586207,4.870772960251138
person_site,130,0.5603448275862069,4.845459944413899
person_site,131,0.5646551724137931,4.880127620902666
person_site,132,0.5689655172413793,4.949542487887105
person_site,133,0.5732758620689655,4.9773786431591915
person_site,134,0.5775862068965517,4.959329031523104
person_site,135,0.5818965517241379,4.944099484931345
person_site,136,0.5862068965517241,4.953943430719949
person_site,137,0.5905172413793104,4.940391768092019
person_site,138,0.5948275862068966,4.997921450479899
person_site,139,0.5991379310344828,5.025995379893698
person_site,140,0.603448275862069,5.016433043281604
person_site,141,0.6077586206896551,4.993782250704995
person_site,142,0.6120689655172413,5.001535017018457
person_site,143,0.6163793103448276,5.023119036449724
person_site,144,0.6206896551724138,5.083603182331998
person_site,145,0.625,5.0866750713983615
person_site,146,0.6293103448275862,5.071220871434559
person_site,147,0.6336206896551724,5.080100575783989
person_site,148,0.6379310344827587,5.088260963698478
person_site,149,0.6422413793103449,5.137625426795789
person_site,150,0.646551724137931,5.146539439974775
person_site,151,0.6508620689655172,5.129834028308462
person_site,152,0.6551724137931034,5.126930687780354
person_site,153,0.6594827586206896,5.115214910693397
person_site,154,0.6637931034482759,5.148165611433366
person_site,155,0.6681034482758621,5.14023563304253
person_site,156,0.6724137931034483,5.157102910955131
person_site,157,0.6767241379310345,5.138811170787509
person_site,158,0.6810344827586207,5.119056256176072
person_site,159,0.6853448275862069,5.122936565543733
person_site,160,0.6896551724137931,5.201153123837053
person_site,161,0.6939655172413793,5.2269681022735766
person_site,162,0.6982758620689655,5.236163380911225
person_site,163,0.7025862068965517,5.224156251649034
person_site,164,0.7068965517241379,5.231443571139006
person_site,165,0.7112068965517241,5.215413132893905
person_site,166,0.7155172413793104,5.202992289891869
person_site,167,0.7198275862068966,5.189796051274008
person_site,168,0.7241379310344828,5.180619531860093
person_site,169,0.728448275862069,5.191448098997363
person_site,170,0.7327586206896551,5.196848340480965
person_site,171,0.7370689655172413,5.183943764774093
person_site,172,0.7413793103448276,5.211800595175428
person_site,173,0.7456896551724138,5.2127301242443345
person_site,174,0.75,5.2018291790642825
person_site,175,0.7543103448275862,5.206549702742196
person_site,176,0.7586206896551724,5.213650713816196
person_site,177,0.7629310344827587,5.212776590042213
person_site,178,0.7672413793103449,5.219942444262073
person_site,179,0.771551724137931,5.226210473493898
person_site,180,0.7758620689655172,5.243013915477344
person_site,181,0.7801724137931034,5.255326542874698
person_site,182,0.7844827586206896,5.2657398720089175
person_site,183,0.7887931034482759,5.29552726886888
person_site,184,0.7931034482758621,5.318516600291944
person_site,185,0.7974137931034483,5.351410810537402
person_site,186,0.8017241379310345,5.349605869009037
person_site,187,0.8060344827586207,5.391472371647026
person_site,188,0.8103448275862069,5.397862396899339
person_site,189,0.8146551724137931,5.429993154940153
person_site,190,0.8189655172413793,5.420938359641706
person_site,191,0.8232758620689655,5.4524183878028305
person_site,192,0.8275862068965517,5.5221231585298165
person_site,193,0.8318965517241379,5.539951949724769
person_site,194,0.8362068965517241,5.539556191921427
person_site,195,0.8405172413793104,5.542021878692975
person_site,196,0.8448275862068966,5.543835857623904
person_site,197,0.8491379310344828,5.581208532987489
person_site,198,0.853448275862069,5.5681232917502115
person_site,199,0.8577586206896551,5.601036715408884
person_site,200,0.8620689655172413,5.6054992491123015
person_site,201,0.8663793103448276,5.615313371226953
person_site,202,0.8706896551724138,5.604630227456705
person_site,203,0.875,5.617782119051445
person_site,204,0.8793103448275862,5.625041712403569
person_site,205,0.8836206896551724,5.6062809694859785
person_site,206,0.8879310344827587,5.602360422389132
person_site,207,0.8922413793103449,5.587659126216572
person_site,208,0.896551724137931,5.598988992618993
person_site,209,0.9008620689655172,5.630580999850416
person_site,210,0.9051724137931034,5.673173452336037
person_site,211,0.9094827586206896,5.667963633878984
person_site,212,0.9137931034482759,5.649868172180182
person_site,213,0.9181034482758621,5.670309989380016
person_site,214,0.9224137931034483,5.6553359417369045
person_site,215,0.9267241379310345,5.70382986402931
person_site,216,0.9310344827586207,5.698911090548474
person_site,217,0.9353448275862069,5.712280061431521
person_site,218,0.9396551724137931,5.728038198997395
person_site,219,0.9439655172413793,5.752051816651792
person_site,220,0.9482758620689655,5.742993130647965
person_site,221,0.9525862068965517,5.731935093066646
person_site,222,0.9568965517241379,5.734038085927018
person_site,223,0.9612068965517241,5.781507477135843
person_site,224,0.9655172413793104,5.8180736997730484
person_site,225,0.9698275862068966,5.803990620962331
person_site,226,0.9741379310344828,5.819485588892576
person_site,227,0.978448275862069,5.85674947999733
person_site,228,0.9827586206896551,5.901823047606051
person_site,229,0.9870689655172413,5.956393547684382
person_site,230,0.9913793103448276,5.97658576703337
person_site,231,0.9956896551724138,5.979922447951992
person_site,232,1.0,6.008416163335146
site,1,0.004310344827586207,4.049834098629208
site,2,0.008620689655172414,2.619606739830638
site,3,0.01293103448275862,4.261203546040591
site,4,0.017241379310344827,4.030400362835642
site,5,0.021551724137931036,4.056730133050421
site,6,0.02586206896551724,4.631489133535808
site,7,0.03017241379310345,4.932569941393966
site,8,0.034482758620689655,4.570157040920144
site,9,0.03879310344827586,4.786146051972497
site,10,0.04310344827586207,4.941576635303857
site,11,0.04741379310344827,4.6607047579412
site,12,0.05172413793103448,4.741936372324612
site,13,0.05603448275862069,4.932756175189275
site,14,0.0603448275862069,4.740058973568956
site,15,0.06465517241379311,4.72193196162149
site,16,0.06896551724137931,4.655408486319812
site,17,0.07327586206896551,4.71596775444933
site,18,0.07758620689655173,4.6805185349392815
site,19,0.08189655172413793,4.661491272109679
site,20,0.08620689655172414,4.600297916641504
site,21,0.09051724137931035,4.559172290221624
site,22,0.09482758620689655,4.4577723828452696
site,23,0.09913793103448276,4.480691612693228
site,24,0.10344827586206896,4.350846872071418
site,25,0.10775862068965517,4.374389815361618
site,26,0.11206896551724138,4.3658176428050055
site,27,0.11637931034482758,4.395266441582163
site,28,0.1206896551724138,4.375633309449473
site,29,0.125,4.37213850829201
site,30,0.12931034482758622,4.504453685936601
site,31,0.1336206896551724,4.5394616897816205
site,32,0.13793103448275862,4.541222000429067
site,33,0.14224137931034483,4.4284674528769905
site,34,0.14655172413793102,4.378428825577754
site,35,0.15086206896551724,4.393005989006363
site,36,0.15517241379310345,4.417035247196222
site,37,0.15948275862068967,4.384873815324746
site,38,0.16379310344827586,4.806885334439736
site,39,0.16810344827586207,4.783609336599575
site,40,0.1724137931034483,4.742348832077277
site,41,0.17672413793103448,4.935389994835435
site,42,0.1810344827586207,4.892243427580776
site,43,0.1853448275862069,4.945300475382176
site,44,0.1896551724137931,4.879775219671853
site,45,0.1939655172413793,4.868282147700914
site,46,0.19827586206896552,4.858204590770881
site,47,0.2025862068965517,4.82933269641763
site,48,0.20689655172413793,4.741162703634566
site,49,0.21120689655172414,4.7777455946284615
site,50,0.21551724137931033,4.71633949335791
site,51,0.21982758620689655,5.072759607208609
site,52,0.22413793103448276,5.117000803057016
site,53,0.22844827586206898,5.095234742677661
site,54,0.23275862068965517,5.035408977798496
site,55,0.23706896551724138,4.98719683982901
site,56,0.2413793103448276,4.926282909974584
site,57,0.24568965517241378,4.875560458539677
site,58,0.25,4.845103669240325
site,59,0.2543103448275862,4.806396372581098
site,60,0.25862068965517243,4.796921077792952
site,61,0.2629310344827586,4.802472830664268
site,62,0.2672413793103448,4.796999901777649
site,63,0.27155172413793105,4.821749249427313
site,64,0.27586206896551724,4.796279451552924
site,65,0.2801724137931034,4.7669264741324975
site,66,0.28448275862068967,4.808699488195988
site,67,0.28879310344827586,4.779056505124784
site,68,0.29310344827586204,4.755055258852995
site,69,0.2974137931034483,4.742180345307651
site,70,0.3017241379310345,4.932055193105302
site,71,0.30603448275862066,4.913511235914043
site,72,0.3103448275862069,4.886937708749592
site,73,0.3146551724137931,4.963687400734299
site,74,0.31896551724137934,4.970922624074956
site,75,0.3232758620689655,4.985359880999466
site,76,0.3275862068965517,4.977098487027543
site,77,0.33189655172413796,4.948067480397276
site,78,0.33620689655172414,4.957528525308716
site,79,0.34051724137931033,4.974546014439684
site,80,0.3448275862068966,4.98060788670167
site,81,0.34913793103448276,4.950385110304871
site,82,0.35344827586206895,4.939872252556859
site,83,0.3577586206896552,4.914547319783261
site,84,0.3620689655172414,4.87143582760107
site,85,0.36637931034482757,4.8952266950096295
site,86,0.3706896551724138,4.92324165738935
site,87,0.375,4.902758855927399
site,88,0.3793103448275862,4.890959780389529
site,89,0.38362068965517243,4.874725662279216
site,90,0.3879310344827586,4.88971465511089
site,91,0.3922413793103448,4.857373553547439
site,92,0.39655172413793105,4.869850951057479
site,93,0.40086206896551724,4.874251923706864
site,94,0.4051724137931034,4.892652972610805
site,95,0.40948275862068967,4.857174329698972
site,96,0.41379310344827586,4.832514786295295
site,97,0.41810344827586204,4.821144164809548
site,98,0.4224137931034483,4.821741649004825
site,99,0.4267241379310345,4.802442289891801
site,100,0.43103448275862066,4.775218947515024
site,101,0.4353448275862069,4.798805256251257
site,102,0.4396551724137931,4.823787808896564
site,103,0.44396551724137934,4.793108542944997
site,104,0.4482758620689655,4.827576672091159
site,105,0.4525862068965517,4.840735618731737
site,106,0.45689655172413796,4.810402685929334
site,107,0.46120689655172414,4.7874851370371525
site,108,0.46551724137931033,4.776332603435008
site,109,0.4698275862068966,4.774900072907597
site,110,0.47413793103448276,4.774658410421271
site,111,0.47844827586206895,4.779954460310415
site,112,0.4827586206896552,4.87722281054787
site,113,0.4870689655172414,4.8469497747436465
site,114,0.49137931034482757,4.890900930503139
site,115,0.4956896551724138,4.932051250735019
site,116,0.5,4.910970661636841
site,117,0.5043103448275862,4.897247007123913
site,118,0.5086206896551724,4.876069718703352
site,119,0.5129310344827587,4.852343589914015
site,120,0.5172413793103449,4.844659782296055
site,121,0.521551724137931,4.879600504614067
site,122,0.5258620689655172,4.885014077663443
site,123,0.5301724137931034,4.883575997651063
site,124,0.5344827586206896,4.870942389860523
site,125,0.5387931034482759,4.88304611568472
site,126,0.5431034482758621,4.888323623566079
site,127,0.5474137931034483,4.897384241675213
site,128,0.5517241379310345,4.881959123553239
site,129,0.5560344827586207,4.868871941496867
site,130,0.5603448275862069,4.846813380600841
site,131,0.5646551724137931,4.876735262381993
site,132,0.5689655172413793,4.952741690641229
site,133,0.5732758620689655,4.984975370576586
site,134,0.5775862068965517,4.96680308114929
site,135,0.5818965517241379,4.9546695902846665
site,136,0.5862068965517241,4.966318306639777
site,137,0.5905172413793104,4.94670391805559
site,138,0.5948275862068966,5.010531380051929
site,139,0.5991379310344828,5.0482050150480555
site,140,0.603448275862069,5.041882663018491
site,141,0.6077586206896551,5.021976511650206
site,142,0.6120689655172413,5.030183195237314
site,143,0.6163793103448276,5.054340041885815
site,144,0.6206896551724138,5.120618446608359
site,145,0.625,5.126152967017226
site,146,0.6293103448275862,5.110690487068466
site,147,0.6336206896551724,5.120459773202509
site,148,0.6379310344827587,5.124770421806162
site,149,0.6422413793103449,5.185894953464618
site,150,0.646551724137931,5.200172575392471
site,151,0.6508620689655172,5.184373889154983
site,152,0.6551724137931034,5.180993256213303
site,153,0.6594827586206896,5.172677512918519
site,154,0.6637931034482759,5.212250930689971
site,155,0.6681034482758621,5.206986927538972
site,156,0.6724137931034483,5.227459404613046
site,157,0.6767241379310345,5.20890806560515
site,158,0.6810344827586207,5.187151280166994
site,159,0.6853448275862069,5.1933521943506
site,160,0.6896551724137931,5.261612259125493
site,161,0.6939655172413793,5.302234671476324
site,162,0.6982758620689655,5.309031278348896
site,163,0.7025862068965517,5.298219182240662
site,164,0.7068965517241379,5.309213673227921
site,165,0.7112068965517241,5.292851815809239
site,166,0.7155172413793104,5.279434621371322
site,167,0.7198275862068966,5.2618668087363565
site,168,0.7241379310344828,5.25585971927774
site,169,0.728448275862069,5.269736134595457
site,170,0.7327586206896551,5.276959899966234
site,171,0.7370689655172413,5.261309047653468
site,172,0.7413793103448276,5.29308362285508
site,173,0.7456896551724138,5.303515784908861
site,174,0.75,5.288100401077941
site,175,0.7543103448275862,5.296800977244506
site,176,0.7586206896551724,5.301910189745935
site,177,0.7629310344827587,5.306402116503424
site,178,0.7672413793103449,5.312616109760674
site,179,0.771551724137931,5.324258157365234
site,180,0.7758620689655172,5.342088661770092
site,181,0.7801724137931034,5.364315842676786
site,182,0.7844827586206896,5.370357012707127
site,183,0.7887931034482759,5.399710008532659
site,184,0.7931034482758621,5.4279406261051735
site,185,0.7974137931034483,5.466293087125956
site,186,0.8017241379310345,5.46644335594259
site,187,0.8060344827586207,5.512746864164998
site,188,0.8103448275862069,5.520817647892682
site,189,0.8146551724137931,5.551446544682328
site,190,0.8189655172413793,5.540675651319517
site,191,0.8232758620689655,5.579747476634497
site,192,0.8275862068965517,5.648103859445247
site,193,0.8318965517241379,5.662757363231685
site,194,0.8362068965517241,5.661534909838875
site,195,0.8405172413793104,5.676605823126134
site,196,0.8448275862068966,5.680052875057414
site,197,0.8491379310344828,5.726869097509375
site,198,0.853448275862069,5.713076090071098
site,199,0.8577586206896551,5.751077751382671
site,200,0.8620689655172413,5.754925319343106
site,201,0.8663793103448276,5.766102921636507
site,202,0.8706896551724138,5.751604953972897
site,203,0.875,5.761743064615355
site,204,0.8793103448275862,5.770376297969787
site,205,0.8836206896551724,5.7540022648630575
site,206,0.8879310344827587,5.752797790020392
site,207,0.8922413793103449,5.737954393333982
site,208,0.896551724137931,5.752494596758417
site,209,0.9008620689655172,5.784269256184601
site,210,0.9051724137931034,5.826073717825209
site,211,0.9094827586206896,5.829538057531223
site,212,0.9137931034482759,5.810907428617779
site,213,0.9181034482758621,5.836192379257564
site,214,0.9224137931034483,5.822046472107028
site,215,0.9267241379310345,5.874126551213792
site,216,0.9310344827586207,5.873842974931011
site,217,0.9353448275862069,5.895525189243849
site,218,0.9396551724137931,5.912196227974593
site,219,0.9439655172413793,5.936494833319256
site,220,0.9482758620689655,5.927630340106025
site,221,0.9525862068965517,5.919676824938762
site,222,0.9568965517241379,5.930744284074097
site,223,0.9612068965517241,5.978949903898982
site,224,0.9655172413793104,6.0181082767710175
site,225,0.9698275862068966,6.006658560851533
site,226,0.9741379310344828,6.025041174058331
site,227,0.978448275862069,6.065079558566489
site,228,0.9827586206896551,6.1101235815673745
site,229,0.9870689655172413,6.16521014052309
site,230,0.9913793103448276,6.185571421671938
site,231,0.9956896551724138,6.196981347945315
site,232,1.0,6.22397799861879
color,1,0.004310344827586207,4.862158393966616
color,2,0.008620689655172414,3.328252534969046
color,3,0.01293103448275862,4.984823484305111
color,4,0.017241379310344827,4.457032769916801
color,5,0.021551724137931036,4.484259646894711
color,6,0.02586206896551724,5.063897844301443
color,7,0.03017241379310345,5.218165498775358
color,8,0.034482758620689655,4.834672942866227
color,9,0.03879310344827586,5.011283690706388
color,10,0.04310344827586207,5.199262062857297
color,11,0.04741379310344827,4.955703263791137
color,12,0.05172413793103448,5.025681774385646
color,13,0.05603448275862069,5.161866704976268
color,14,0.0603448275862069,4.93835449287625
color,15,0.06465517241379311,4.889174947505572
color,16,0.06896551724137931,4.76000897385597
color,17,0.07327586206896551,4.858816677016805
color,18,0.07758620689655173,4.858991272548187
color,19,0.08189655172413793,4.821042563290896
color,20,0.08620689655172414,4.752531606889455
color,21,0.09051724137931035,4.679387921207808
color,22,0.09482758620689655,4.555831091576212
color,23,0.09913793103448276,4.603741341989367
color,24,0.10344827586206896,4.453907023312649
color,25,0.10775862068965517,4.495882895002888
color,26,0.11206896551724138,4.468446334717972
color,27,0.11637931034482758,4.4682403181989665
color,28,0.1206896551724138,4.453681431974173
color,29,0.125,4.420949840375034
color,30,0.12931034482758622,4.533635289416389
color,31,0.1336206896551724,4.588626686150175
color,32,0.13793103448275862,4.570461723414533
color,33,0.14224137931034483,4.4828528752832915
color,34,0.14655172413793102,4.42229426850005
color,35,0.15086206896551724,4.444879134769749
color,36,0.15517241379310345,4.430432364035871
color,37,0.15948275862068967,4.409855893220888
color,38,0.16379310344827586,4.812771490311123
color,39,0.16810344827586207,4.795462911942901
color,40,0.1724137931034483,4.749316407691546
color,41,0.17672413793103448,4.930349771614555
color,42,0.1810344827586207,4.893702890945289
color,43,0.1853448275862069,4.931995215207263
color,44,0.1896551724137931,4.876898412208599
color,45,0.1939655172413793,4.857905168025312
color,46,0.19827586206896552,4.847950700703712
color,47,0.2025862068965517,4.816713903697778
color,48,0.20689655172413793,4.748024758913515
color,49,0.21120689655172414,4.78834535008889
color,50,0.21551724137931033,4.72535959731678
color,51,0.21982758620689655,5.070080797412419
color,52,0.22413793103448276,5.105498159559833
color,53,0.22844827586206898,5.094141342927056
color,54,0.23275862068965517,5.03549406039538
color,55,0.23706896551724138,4.987711814824944
color,56,0.2413793103448276,4.92973643959588
color,57,0.24568965517241378,4.8740445297785255
color,58,0.25,4.833564417020941
color,59,0.2543103448275862,4.780610038467447
color,60,0.25862068965517243,4.774336698399028
color,61,0.2629310344827586,4.778544307549434
color,62,0.2672413793103448,4.7730367002201435
color,63,0.27155172413793105,4.78857399381501
color,64,0.27586206896551724,4.761218564785489
color,65,0.2801724137931034,4.719039711057694
color,66,0.28448275862068967,4.766401938816141
color,67,0.28879310344827586,4.7336488883360515
color,68,0.29310344827586204,4.703894628463186
color,69,0.2974137931034483,4.6967037335348545
color,70,0.3017241379310345,4.88707559801162
color,71,0.30603448275862066,4.870051908706331
color,72,0.3103448275862069,4.834297061179002
color,73,0.3146551724137931,4.907544026705801
color,74,0.31896551724137934,4.927600754063029
color,75,0.3232758620689655,4.9442534004614656
color,76,0.3275862068965517,4.924580519398423
color,77,0.33189655172413796,4.905692385444843
color,78,0.33620689655172414,4.907479194428135
color,79,0.34051724137931033,4.933003704991286
color,80,0.3448275862068966,4.940283205778152
color,81,0.34913793103448276,4.910091337516678
color,82,0.35344827586206895,4.899801405892787
color,83,0.3577586206896552,4.876436562478653
color,84,0.3620689655172414,4.836288871304539
color,85,0.36637931034482757,4.847998856024087
color,86,0.3706896551724138,4.8751207598316855
color,87,0.375,4.840539049205915
color,88,0.3793103448275862,4.825651936263079
color,89,0.38362068965517243,4.812731420402616
color,90,0.3879310344827586,4.831905330201534
color,91,0.3922413793103448,4.797250151087698
color,92,0.39655172413793105,4.817334933095063
color,93,0.40086206896551724,4.826683252260557
color,94,0.4051724137931034,4.853955547579978
color,95,0.40948275862068967,4.818994450381168
color,96,0.41379310344827586,4.801893878517746
color,97,0.41810344827586204,4.784917662274523
color,98,0.4224137931034483,4.7959595200295695
color,99,0.4267241379310345,4.7779370820035565
color,100,0.43103448275862066,4.74955419425108
color,101,0.4353448275862069,4.758258823162368
color,102,0.4396551724137931,4.782422759399789
color,103,0.44396551724137934,4.751234481131951
color,104,0.4482758620689655,4.772632288126945
color,105,0.4525862068965517,4.790899266402573
color,106,0.45689655172413796,4.762806442146522
color,107,0.46120689655172414,4.738512508446234
color,108,0.46551724137931033,4.720632157583441
color,109,0.4698275862068966,4.71595805030273
color,110,0.47413793103448276,4.7215439620334045
color,111,0.47844827586206895,4.738314908333293
color,112,0.4827586206896552,4.8320643554156
color,113,0.4870689655172414,4.803714240688017
color,114,0.49137931034482757,4.852686280336243
color,115,0.4956896551724138,4.884468279975256
color,116,0.5,4.866315083248707
color,117,0.5043103448275862,4.8525072217832
color,118,0.5086206896551724,4.832285864212618
color,119,0.5129310344827587,4.805549078080088
color,120,0.5172413793103449,4.805878073396021
color,121,0.521551724137931,4.849950194623098
color,122,0.5258620689655172,4.861667404431184
color,123,0.5301724137931034,4.869350834713195
color,124,0.5344827586206896,4.856361357148606
color,125,0.5387931034482759,4.878993954907048
color,126,0.5431034482758621,4.879078735328084
color,127,0.5474137931034483,4.892447884398425
color,128,0.5517241379310345,4.883159797539117
color,129,0.5560344827586207,4.86337703894882
color,130,0.5603448275862069,4.839530020485857
color,131,0.5646551724137931,4.8749322748172945
color,132,0.5689655172413793,4.941982252691216
color,133,0.5732758620689655,4.970186929503524
color,134,0.5775862068965517,4.949940247473363
color,135,0.5818965517241379,4.935993358593734
color,136,0.5862068965517241,4.94771103005247
color,137,0.5905172413793104,4.931105598989012
color,138,0.5948275862068966,4.989644109106153
color,139,0.5991379310344828,5.017782262926224
color,140,0.603448275862069,5.01199981118785
color,141,0.6077586206896551,4.991473754270692
color,142,0.6120689655172413,4.993326085379176
color,143,0.6163793103448276,5.017962218708035
color,144,0.6206896551724138,5.079829382016061
color,145,0.625,5.0823943462431
color,146,0.6293103448275862,5.0671946619892925
color,147,0.6336206896551724,5.077062459114824
color,148,0.6379310344827587,5.082516288994054
color,149,0.6422413793103449,5.13309397501344
color,150,0.646551724137931,5.146231013711193
color,151,0.6508620689655172,5.126802907657243
color,152,0.6551724137931034,5.121790224327701
color,153,0.6594827586206896,5.11482046554746
color,154,0.6637931034482759,5.147130739053697
color,155,0.6681034482758621,5.137584929816949
color,156,0.6724137931034483,5.157080147333869
color,157,0.6767241379310345,5.135507933732888
color,158,0.6810344827586207,5.109832876879238
color,159,0.6853448275862069,5.113950921354939
color,160,0.6896551724137931,5.195159113499958
color,161,0.6939655172413793,5.211084955141497
color,162,0.6982758620689655,5.219508494083413
color,163,0.7025862068965517,5.209059281720361
color,164,0.7068965517241379,5.216705028981643
color,165,0.7112068965517241,5.203491764263508
color,166,0.7155172413793104,5.192807309405116
color,167,0.7198275862068966,5.178739822035133
color,168,0.7241379310344828,5.172271659177472
color,169,0.728448275862069,5.185169787942038
color,170,0.7327586206896551,5.188871006207044
color,171,0.7370689655172413,5.176197639943026
color,172,0.7413793103448276,5.201829605541852
color,173,0.7456896551724138,5.206792219645419
color,174,0.75,5.194907865051268
color,175,0.7543103448275862,5.1989850611432304
color,176,0.7586206896551724,5.202927994880127
color,177,0.7629310344827587,5.2009807717917385
color,178,0.7672413793103449,5.1991949198614185
color,179,0.771551724137931,5.204455976638257
color,180,0.7758620689655172,5.215007257213752
color,181,0.7801724137931034,5.228091716107276
color,182,0.7844827586206896,5.2344916271708
color,183,0.7887931034482759,5.264571644663168
color,184,0.7931034482758621,5.2866809849008725
color,185,0.7974137931034483,5.319910146386349
color,186,0.8017241379310345,5.318676604379687
color,187,0.8060344827586207,5.360850726498023
color,188,0.8103448275862069,5.370857570767775
color,189,0.8146551724137931,5.406520262156427
color,190,0.8189655172413793,5.397255238206502
color,191,0.8232758620689655,5.430393505089807
color,192,0.8275862068965517,5.497489621045975
color,193,0.8318965517241379,5.514589126328829
color,194,0.8362068965517241,5.51558028121561
color,195,0.8405172413793104,5.525111704472643
color,196,0.8448275862068966,5.524895886676628
color,197,0.8491379310344828,5.564691514592565
color,198,0.853448275862069,5.546491658608719
color,199,0.8577586206896551,5.579123070045654
color,200,0.8620689655172413,5.583116545446363
color,201,0.8663793103448276,5.594299036973193
color,202,0.8706896551724138,5.582170254683617
color,203,0.875,5.591269487096743
color,204,0.8793103448275862,5.599325676865089
color,205,0.8836206896551724,5.583247806704392
color,206,0.8879310344827587,5.58333575093398
color,207,0.8922413793103449,5.570228850669568
color,208,0.896551724137931,5.5791305648435054
color,209,0.9008620689655172,5.618218183800583
color,210,0.9051724137931034,5.655540193696982
color,211,0.9094827586206896,5.6603790151011415
color,212,0.9137931034482759,5.639613565281745
color,213,0.9181034482758621,5.659546714588939
color,214,0.9224137931034483,5.647060850218499
color,215,0.9267241379310345,5.698641748999723
color,216,0.9310344827586207,5.692810014751887
color,217,0.9353448275862069,5.707275194426465
color,218,0.9396551724137931,5.7255855803094375
color,219,0.9439655172413793,5.744726184625133
color,220,0.9482758620689655,5.743197414808169
color,221,0.9525862068965517,5.733548807365051
color,222,0.9568965517241379,5.73598845909265
color,223,0.9612068965517241,5.78084924546269
color,224,0.9655172413793104,5.817775614036473
color,225,0.9698275862068966,5.807215071735793
color,226,0.9741379310344828,5.824029504646077
color,227,0.978448275862069,5.865662576847676
color,228,0.9827586206896551,5.91000280957104
color,229,0.9870689655172413,5.955185018423769
color,230,0.9913793103448276,5.9702665021196575
color,231,0.9956896551724138,5.976219408807363
color,232,1.0,6.001151662869636
color_ipw,1,0.004310344827586207,4.370141276167299
color_ipw,2,0.008620689655172414,2.8166395902426533
color_ipw,3,0.01293103448275862,4.5006637185134375
color_ipw,4,0.017241379310344827,4.184580959239388
color_ipw,5,0.021551724137931036,4.203264389610303
color_ipw,6,0.02586206896551724,4.79440656104867
color_ipw,7,0.03017241379310345,5.0750718554165335
color_ipw,8,0.034482758620689655,4.681165362185269
color_ipw,9,0.03879310344827586,4.880794043494006
color_ipw,10,0.04310344827586207,5.020561865457797
color_ipw,11,0.04741379310344827,4.739078945359889
color_ipw,12,0.05172413793103448,4.8338657728710155
color_ipw,13,0.05603448275862069,5.01441557345174
color_ipw,14,0.0603448275862069,4.811087227235427
color_ipw,15,0.06465517241379311,4.790081639327382
color_ipw,16,0.06896551724137931,4.689215976517439
color_ipw,17,0.07327586206896551,4.758433281398251
color_ipw,18,0.07758620689655173,4.740202254709157
color_ipw,19,0.08189655172413793,4.714762625337647
color_ipw,20,0.08620689655172414,4.633905923251158
color_ipw,21,0.09051724137931035,4.5854800363395976
color_ipw,22,0.09482758620689655,4.473118007111528
color_ipw,23,0.09913793103448276,4.50529864131838
color_ipw,24,0.10344827586206896,4.371142911080241
color_ipw,25,0.10775862068965517,4.392750741449766
color_ipw,26,0.11206896551724138,4.359174280195247
color_ipw,27,0.11637931034482758,4.377262565867033
color_ipw,28,0.1206896551724138,4.36653861974474
color_ipw,29,0.125,4.359794311140143
color_ipw,30,0.12931034482758622,4.4871726425000595
color_ipw,31,0.1336206896551724,4.532790690747762
color_ipw,32,0.13793103448275862,4.513232109472951
color_ipw,33,0.14224137931034483,4.40411409148776
color_ipw,34,0.14655172413793102,4.347260272506927
color_ipw,35,0.15086206896551724,4.365629002786551
color_ipw,36,0.15517241379310345,4.358798142663147
color_ipw,37,0.15948275862068967,4.330120201292352
color_ipw,38,0.16379310344827586,4.7497779358783605
color_ipw,39,0.16810344827586207,4.734290763148107
color_ipw,40,0.1724137931034483,4.687822538483499
color_ipw,41,0.17672413793103448,4.878503997358142
color_ipw,42,0.1810344827586207,4.841308347286902
color_ipw,43,0.1853448275862069,4.889441556048724
color_ipw,44,0.1896551724137931,4.826435159753159
color_ipw,45,0.1939655172413793,4.81776908232563
color_ipw,46,0.19827586206896552,4.805587854283082
color_ipw,47,0.2025862068965517,4.776326238510516
color_ipw,48,0.20689655172413793,4.69142935821145
color_ipw,49,0.21120689655172414,4.72819201400337
color_ipw,50,0.21551724137931033,4.665870234480895
color_ipw,51,0.21982758620689655,5.02306468390747
color_ipw,52,0.22413793103448276,5.063165617476972
color_ipw,53,0.22844827586206898,5.049470140871096
color_ipw,54,0.23275862068965517,4.9898167840637555
color_ipw,55,0.23706896551724138,4.9431712781459165
color_ipw,56,0.2413793103448276,4.881017497929954
color_ipw,57,0.24568965517241378,4.83139797325133
color_ipw,58,0.25,4.801938713935324
color_ipw,59,0.2543103448275862,4.7634969079718035
color_ipw,60,0.25862068965517243,4.753468540526839
color_ipw,61,0.2629310344827586,4.759622829646445
color_ipw,62,0.2672413793103448,4.75719393540433
color_ipw,63,0.27155172413793105,4.781520775900902
color_ipw,64,0.27586206896551724,4.7588683094701505
color_ipw,65,0.2801724137931034,4.726542385267758
color_ipw,66,0.28448275862068967,4.771238413894831
color_ipw,67,0.28879310344827586,4.739037332360786
color_ipw,68,0.29310344827586204,4.713571263983828
color_ipw,69,0.2974137931034483,4.6976385726863485
color_ipw,70,0.3017241379310345,4.893375749646361
color_ipw,71,0.30603448275862066,4.877576202601292
color_ipw,72,0.3103448275862069,4.849127656291341
color_ipw,73,0.3146551724137931,4.925145828084239
color_ipw,74,0.31896551724137934,4.936895421238571
color_ipw,75,0.3232758620689655,4.952170616478156
color_ipw,76,0.3275862068965517,4.941449507608236
color_ipw,77,0.33189655172413796,4.916955091800389
color_ipw,78,0.33620689655172414,4.922395961045601
color_ipw,79,0.34051724137931033,4.934297692856383
color_ipw,80,0.3448275862068966,4.943078012183239
color_ipw,81,0.34913793103448276,4.912952929545676
color_ipw,82,0.35344827586206895,4.9010053347324005
color_ipw,83,0.3577586206896552,4.878269110376237
color_ipw,84,0.3620689655172414,4.8354024023114235
color_ipw,85,0.36637931034482757,4.855375503865997
color_ipw,86,0.3706896551724138,4.886753008495554
color_ipw,87,0.375,4.8629648671520185
color_ipw,88,0.3793103448275862,4.84782539347679
color_ipw,89,0.38362068965517243,4.833269388817635
color_ipw,90,0.3879310344827586,4.850094001398567
color_ipw,91,0.3922413793103448,4.818207237314009
color_ipw,92,0.39655172413793105,4.833302964419775
color_ipw,93,0.40086206896551724,4.840114200383062
color_ipw,94,0.4051724137931034,4.860850107976007
color_ipw,95,0.40948275862068967,4.8277104074960455
color_ipw,96,0.41379310344827586,4.80718802939104
color_ipw,97,0.41810344827586204,4.790985815986614
color_ipw,98,0.4224137931034483,4.790756881208586
color_ipw,99,0.4267241379310345,4.773035121429686
color_ipw,100,0.43103448275862066,4.747302862615222
color_ipw,101,0.4353448275862069,4.768723146997503
color_ipw,102,0.4396551724137931,4.793815434246066
color_ipw,103,0.44396551724137934,4.761928760991849
color_ipw,104,0.4482758620689655,4.794811694605485
color_ipw,105,0.4525862068965517,4.808989548940145
color_ipw,106,0.45689655172413796,4.778739871120474
color_ipw,107,0.46120689655172414,4.757766761604146
color_ipw,108,0.46551724137931033,4.742002267454619
color_ipw,109,0.4698275862068966,4.736395946685597
color_ipw,110,0.47413793103448276,4.740221018014041
color_ipw,111,0.47844827586206895,4.7501375194073425
color_ipw,112,0.4827586206896552,4.849220849582442
color_ipw,113,0.4870689655172414,4.8168754315926865
color_ipw,114,0.49137931034482757,4.86374962815294
color_ipw,115,0.4956896551724138,4.904181040822379
color_ipw,116,0.5,4.8840973298651775
color_ipw,117,0.5043103448275862,4.869862165415701
color_ipw,118,0.5086206896551724,4.848573855645355
color_ipw,119,0.5129310344827587,4.824498215296324
color_ipw,120,0.5172413793103449,4.8202604966111275
color_ipw,121,0.521551724137931,4.86066414228396
color_ipw,122,0.5258620689655172,4.8677921226322445
color_ipw,123,0.5301724137931034,4.869744976895848
color_ipw,124,0.5344827586206896,4.856080579141721
color_ipw,125,0.5387931034482759,4.874144221845936
color_ipw,126,0.5431034482758621,4.876793972589903
color_ipw,127,0.5474137931034483,4.890296673686575
color_ipw,128,0.5517241379310345,4.876523042944291
color_ipw,129,0.5560344827586207,4.863856957394261
color_ipw,130,0.5603448275862069,4.839216331316497
color_ipw,131,0.5646551724137931,4.8725957625172
color_ipw,132,0.5689655172413793,4.940075901018116
color_ipw,133,0.5732758620689655,4.9729700117501165
color_ipw,134,0.5775862068965517,4.954611907862381
color_ipw,135,0.5818965517241379,4.9434914989045495
color_ipw,136,0.5862068965517241,4.953966274411232
color_ipw,137,0.5905172413793104,4.939024186975342
color_ipw,138,0.5948275862068966,5.002071070362711
color_ipw,139,0.5991379310344828,5.036438272240151
color_ipw,140,0.603448275862069,5.029861531371323
color_ipw,141,0.6077586206896551,5.0075964552577625
color_ipw,142,0.6120689655172413,5.015237575097076
color_ipw,143,0.6163793103448276,5.0401413845656675
color_ipw,144,0.6206896551724138,5.105246504439641
color_ipw,145,0.625,5.109290514120617
color_ipw,146,0.6293103448275862,5.093385833353479
color_ipw,147,0.6336206896551724,5.104398415646408
color_ipw,148,0.6379310344827587,5.11078390300192
color_ipw,149,0.6422413793103449,5.171414112805009
color_ipw,150,0.646551724137931,5.182748848819056
color_ipw,151,0.6508620689655172,5.165900682153049
color_ipw,152,0.6551724137931034,5.161916614762756
color_ipw,153,0.6594827586206896,5.154072079272372
color_ipw,154,0.6637931034482759,5.191190345873486
color_ipw,155,0.6681034482758621,5.186617769097693
color_ipw,156,0.6724137931034483,5.205826648782912
color_ipw,157,0.6767241379310345,5.186951134093088
color_ipw,158,0.6810344827586207,5.165212974360923
color_ipw,159,0.6853448275862069,5.172315431556149
color_ipw,160,0.6896551724137931,5.245277362963729
color_ipw,161,0.6939655172413793,5.276421540847447
color_ipw,162,0.6982758620689655,5.284862146748337
color_ipw,163,0.7025862068965517,5.274325972347484
color_ipw,164,0.7068965517241379,5.284214837005391
color_ipw,165,0.7112068965517241,5.2710240896499165
color_ipw,166,0.7155172413793104,5.259901180608668
color_ipw,167,0.7198275862068966,5.245700211210485
color_ipw,168,0.7241379310344828,5.237438542123283
color_ipw,169,0.728448275862069,5.252695324926711
color_ipw,170,0.7327586206896551,5.25846988335174
color_ipw,171,0.7370689655172413,5.2443867246797256
color_ipw,172,0.7413793103448276,5.276050194803315
color_ipw,173,0.7456896551724138,5.278694121119401
color_ipw,174,0.75,5.266117359440526
color_ipw,175,0.7543103448275862,5.274604910284412
color_ipw,176,0.7586206896551724,5.279592979276295
color_ipw,177,0.7629310344827587,5.281517352327817
color_ipw,178,0.7672413793103449,5.283713409355726
color_ipw,179,0.771551724137931,5.294295503610475
color_ipw,180,0.7758620689655172,5.309570826279007
color_ipw,181,0.7801724137931034,5.329868730747595
color_ipw,182,0.7844827586206896,5.335698069932854
color_ipw,183,0.7887931034482759,5.365953113888327
color_ipw,184,0.7931034482758621,5.393558758108441
color_ipw,185,0.7974137931034483,5.431095777464634
color_ipw,186,0.8017241379310345,5.430633728597587
color_ipw,187,0.8060344827586207,5.476806908449671
color_ipw,188,0.8103448275862069,5.488985980308283
color_ipw,189,0.8146551724137931,5.522263079558148
color_ipw,190,0.8189655172413793,5.511980194662944
color_ipw,191,0.8232758620689655,5.550188805936133
color_ipw,192,0.8275862068965517,5.619537179612995
color_ipw,193,0.8318965517241379,5.636563548834886
color_ipw,194,0.8362068965517241,5.636163893334853
color_ipw,195,0.8405172413793104,5.646433203784124
color_ipw,196,0.8448275862068966,5.647900241818758
color_ipw,197,0.8491379310344828,5.6942917765394485
color_ipw,198,0.853448275862069,5.676578623447132
color_ipw,199,0.8577586206896551,5.713830764928765
color_ipw,200,0.8620689655172413,5.717184835496272
color_ipw,201,0.8663793103448276,5.727875903568255
color_ipw,202,0.8706896551724138,5.71619118927079
color_ipw,203,0.875,5.727889199928083
color_ipw,204,0.8793103448275862,5.737056350408313
color_ipw,205,0.8836206896551724,5.721485062850502
color_ipw,206,0.8879310344827587,5.719465086587909
color_ipw,207,0.8922413793103449,5.705084776188148
color_ipw,208,0.896551724137931,5.716096386719005
color_ipw,209,0.9008620689655172,5.750339187919226
color_ipw,210,0.9051724137931034,5.791560311607747
color_ipw,211,0.9094827586206896,5.788431011469804
color_ipw,212,0.9137931034482759,5.767595022957534
color_ipw,213,0.9181034482758621,5.791682333040629
color_ipw,214,0.9224137931034483,5.777238785343125
color_ipw,215,0.9267241379310345,5.829344395149287
color_ipw,216,0.9310344827586207,5.828026667688853
color_ipw,217,0.9353448275862069,5.847974071105141
color_ipw,218,0.9396551724137931,5.86752637051103
color_ipw,219,0.9439655172413793,5.888863096262729
color_ipw,220,0.9482758620689655,5.885504010348071
color_ipw,221,0.9525862068965517,5.876563032433846
color_ipw,222,0.9568965517241379,5.885661831314927
color_ipw,223,0.9612068965517241,5.933443399650137
color_ipw,224,0.9655172413793104,5.973618750831885
color_ipw,225,0.9698275862068966,5.9649050723098584
color_ipw,226,0.9741379310344828,5.984784247390725
color_ipw,227,0.978448275862069,6.025449870379422
color_ipw,228,0.9827586206896551,6.068328633737834
color_ipw,229,0.9870689655172413,6.11854178702595
color_ipw,230,0.9913793103448276,6.136438423109724
color_ipw,231,0.9956896551724138,6.146933544823578
color_ipw,232,1.0,6.172879459317749
person_mass,1,0.004310344827586207,4.954032226524071
person_mass,2,0.008620689655172414,3.123300919147566
person_mass,3,0.01293103448275862,5.04299533334246
person_mass,4,0.017241379310344827,4.5813485555023385
person_mass,5,0.021551724137931036,4.569455492074956
person_mass,6,0.02586206896551724,5.217570800312602
person_mass,7,0.03017241379310345,5.424798864752497
person_mass,8,0.034482758620689655,5.006975923218515
person_mass,9,0.03879310344827586,5.216760852962739
person_mass,10,0.04310344827586207,5.409506331048017
person_mass,11,0.04741379310344827,5.097009833178855
person_mass,12,0.05172413793103448,5.157516589145736
person_mass,13,0.05603448275862069,5.326977866262369
person_mass,14,0.0603448275862069,5.117713124966317
person_mass,15,0.06465517241379311,5.0931464454653455
person_mass,16,0.06896551724137931,4.980384769046875
person_mass,17,0.07327586206896551,5.08697534471903
person_mass,18,0.07758620689655173,5.061984100077248
person_mass,19,0.08189655172413793,5.03703393572008
person_mass,20,0.08620689655172414,4.954818648599097
person_mass,21,0.09051724137931035,4.892551402432336
person_mass,22,0.09482758620689655,4.783834459204059
person_mass,23,0.09913793103448276,4.814857060598787
person_mass,24,0.10344827586206896,4.671735870694086
person_mass,25,0.10775862068965517,4.689013321140059
person_mass,26,0.11206896551724138,4.6551377994280445
person_mass,27,0.11637931034482758,4.669724863824079
person_mass,28,0.1206896551724138,4.655537888282454
person_mass,29,0.125,4.63551786591017
person_mass,30,0.12931034482758622,4.756723709547148
person_mass,31,0.1336206896551724,4.801940269342732
person_mass,32,0.13793103448275862,4.790388646843131
person_mass,33,0.14224137931034483,4.674831385300403
person_mass,34,0.14655172413793102,4.6115285395297985
person_mass,35,0.15086206896551724,4.631040998934691
person_mass,36,0.15517241379310345,4.59916907002741
person_mass,37,0.15948275862068967,4.572194264810386
person_mass,38,0.16379310344827586,4.974809857023363
person_mass,39,0.16810344827586207,4.957063553602268
person_mass,40,0.1724137931034483,4.90849098448098
person_mass,41,0.17672413793103448,5.08593066787504
person_mass,42,0.1810344827586207,5.053273009223426
person_mass,43,0.1853448275862069,5.097580881196987
person_mass,44,0.1896551724137931,5.038603861821135
person_mass,45,0.1939655172413793,5.024740534072765
person_mass,46,0.19827586206896552,5.009210581142939
person_mass,47,0.2025862068965517,4.975788179834803
person_mass,48,0.20689655172413793,4.892101259208096
person_mass,49,0.21120689655172414,4.923857776533906
person_mass,50,0.21551724137931033,4.8578271314532335
person_mass,51,0.21982758620689655,5.210113656060819
person_mass,52,0.22413793103448276,5.24184976299525
person_mass,53,0.22844827586206898,5.23501241776734
person_mass,54,0.23275862068965517,5.171356151676108
person_mass,55,0.23706896551724138,5.121168238229774
person_mass,56,0.2413793103448276,5.064354034502078
person_mass,57,0.24568965517241378,5.011992446686659
person_mass,58,0.25,4.976442064971035
person_mass,59,0.2543103448275862,4.931295683646549
person_mass,60,0.25862068965517243,4.918632958210227
person_mass,61,0.2629310344827586,4.931258299251063
person_mass,62,0.2672413793103448,4.920804858048058
person_mass,63,0.27155172413793105,4.943795188099137
person_mass,64,0.27586206896551724,4.921230214757805
person_mass,65,0.2801724137931034,4.8854763957265215
person_mass,66,0.28448275862068967,4.922940214493485
person_mass,67,0.28879310344827586,4.888090852733138
person_mass,68,0.29310344827586204,4.861945638622406
person_mass,69,0.2974137931034483,4.85010763714106
person_mass,70,0.3017241379310345,5.03984153126894
person_mass,71,0.30603448275862066,5.02622299500718
person_mass,72,0.3103448275862069,4.994806080214929
person_mass,73,0.3146551724137931,5.063805426709629
person_mass,74,0.31896551724137934,5.082576620171139
person_mass,75,0.3232758620689655,5.097636678282671
person_mass,76,0.3275862068965517,5.0833730994086865
person_mass,77,0.33189655172413796,5.064054991264957
person_mass,78,0.33620689655172414,5.059344361377744
person_mass,79,0.34051724137931033,5.068680450566863
person_mass,80,0.3448275862068966,5.077736860104015
person_mass,81,0.34913793103448276,5.04644857050408
person_mass,82,0.35344827586206895,5.034232544718051
person_mass,83,0.3577586206896552,5.010059747436398
person_mass,84,0.3620689655172414,4.969125904607861
person_mass,85,0.36637931034482757,4.984005939862413
person_mass,86,0.3706896551724138,5.009474097306353
person_mass,87,0.375,4.981210026965228
person_mass,88,0.3793103448275862,4.962685126600796
person_mass,89,0.38362068965517243,4.946307257816752
person_mass,90,0.3879310344827586,4.964351095597226
person_mass,91,0.3922413793103448,4.9301606311512485
person_mass,92,0.39655172413793105,4.95308607036064
person_mass,93,0.40086206896551724,4.96249567103773
person_mass,94,0.4051724137931034,4.9868721160304155
person_mass,95,0.40948275862068967,4.948954641002417
person_mass,96,0.41379310344827586,4.92436167697356
person_mass,97,0.41810344827586204,4.90949089974917
person_mass,98,0.4224137931034483,4.9081350611470125
person_mass,99,0.4267241379310345,4.8919818205312176
person_mass,100,0.43103448275862066,4.864470835352985
person_mass,101,0.4353448275862069,4.883435675332041
person_mass,102,0.4396551724137931,4.9065277821334945
person_mass,103,0.44396551724137934,4.8745006542547005
person_mass,104,0.4482758620689655,4.909364598387313
person_mass,105,0.4525862068965517,4.926027719648455
person_mass,106,0.45689655172413796,4.896413533196484
person_mass,107,0.46120689655172414,4.872514640256884
person_mass,108,0.46551724137931033,4.857927399243874
person_mass,109,0.4698275862068966,4.851132833655284
person_mass,110,0.47413793103448276,4.8581625103185955
person_mass,111,0.47844827586206895,4.868664438353117
person_mass,112,0.4827586206896552,4.963984517684171
person_mass,113,0.4870689655172414,4.934223143684583
person_mass,114,0.49137931034482757,4.979247727634648
person_mass,115,0.4956896551724138,5.020974218609946
person_mass,116,0.5,5.0018465438514506
person_mass,117,0.5043103448275862,4.982957700733534
person_mass,118,0.5086206896551724,4.963578081657018
person_mass,119,0.5129310344827587,4.9371807727289125
person_mass,120,0.5172413793103449,4.933473012629055
person_mass,121,0.521551724137931,4.9733950089573815
person_mass,122,0.5258620689655172,4.985737467037015
person_mass,123,0.5301724137931034,4.990421794009888
person_mass,124,0.5344827586206896,4.978010206369777
person_mass,125,0.5387931034482759,4.9960653474360575
person_mass,126,0.5431034482758621,4.994176836137343
person_mass,127,0.5474137931034483,5.005435773909228
person_mass,128,0.5517241379310345,4.993446118341403
person_mass,129,0.5560344827586207,4.980431398802108
person_mass,130,0.5603448275862069,4.956585758729918
person_mass,131,0.5646551724137931,4.987617818002917
person_mass,132,0.5689655172413793,5.058305598392913
person_mass,133,0.5732758620689655,5.085087538114248
person_mass,134,0.5775862068965517,5.065949052955415
person_mass,135,0.5818965517241379,5.051434037232103
person_mass,136,0.5862068965517241,5.063526393587007
person_mass,137,0.5905172413793104,5.046540279001888
person_mass,138,0.5948275862068966,5.10515400906163
person_mass,139,0.5991379310344828,5.13348083172336
person_mass,140,0.603448275862069,5.125337653296113
person_mass,141,0.6077586206896551,5.102515628815869
person_mass,142,0.6120689655172413,5.106375062345747
person_mass,143,0.6163793103448276,5.130086500614216
person_mass,144,0.6206896551724138,5.19203720191172
person_mass,145,0.625,5.194317547419458
person_mass,146,0.6293103448275862,5.178633500791986
person_mass,147,0.6336206896551724,5.185229439912686
person_mass,148,0.6379310344827587,5.1887991602403565
person_mass,149,0.6422413793103449,5.248749523377184
person_mass,150,0.646551724137931,5.2571722453026135
person_mass,151,0.6508620689655172,5.23772382251811
person_mass,152,0.6551724137931034,5.232336745656364
person_mass,153,0.6594827586206896,5.222933717824467
person_mass,154,0.6637931034482759,5.255448380478115
person_mass,155,0.6681034482758621,5.251389020146125
person_mass,156,0.6724137931034483,5.268071393587838
person_mass,157,0.6767241379310345,5.247008870481587
person_mass,158,0.6810344827586207,5.221793560721994
person_mass,159,0.6853448275862069,5.226777634769836
person_mass,160,0.6896551724137931,5.29965606094494
person_mass,161,0.6939655172413793,5.309266640699306
person_mass,162,0.6982758620689655,5.316239097799924
person_mass,163,0.7025862068965517,5.302867104350004
person_mass,164,0.7068965517241379,5.311031765397499
person_mass,165,0.7112068965517241,5.2979601748263745
person_mass,166,0.7155172413793104,5.285460404687568
person_mass,167,0.7198275862068966,5.271618647132352
person_mass,168,0.7241379310344828,5.263604486560776
person_mass,169,0.728448275862069,5.279579159666397
person_mass,170,0.7327586206896551,5.2817380884181695
person_mass,171,0.7370689655172413,5.267958526492042
person_mass,172,0.7413793103448276,5.2989972697537295
person_mass,173,0.7456896551724138,5.299649714285717
person_mass,174,0.75,5.286613361906198
person_mass,175,0.7543103448275862,5.2958350540806025
person_mass,176,0.7586206896551724,5.300021249291505
person_mass,177,0.7629310344827587,5.298339546591577
person_mass,178,0.7672413793103449,5.3004297042493596
person_mass,179,0.771551724137931,5.311783013341986
person_mass,180,0.7758620689655172,5.32405947804548
person_mass,181,0.7801724137931034,5.344308527676415
person_mass,182,0.7844827586206896,5.351683000411355
person_mass,183,0.7887931034482759,5.3801253148217905
person_mass,184,0.7931034482758621,5.406603059709789
person_mass,185,0.7974137931034483,5.439476163033312
person_mass,186,0.8017241379310345,5.438472690911678
person_mass,187,0.8060344827586207,5.483186974710814
person_mass,188,0.8103448275862069,5.491516791098808
person_mass,189,0.8146551724137931,5.526894198403859
person_mass,190,0.8189655172413793,5.517138833214663
person_mass,191,0.8232758620689655,5.55436596916287
person_mass,192,0.8275862068965517,5.623343279083024
person_mass,193,0.8318965517241379,5.638717434244133
person_mass,194,0.8362068965517241,5.6378922801561915
person_mass,195,0.8405172413793104,5.6443654466138495
person_mass,196,0.8448275862068966,5.644771074157975
person_mass,197,0.8491379310344828,5.691003463624027
person_mass,198,0.853448275862069,5.673640163688408
person_mass,199,0.8577586206896551,5.7094621051785355
person_mass,200,0.8620689655172413,5.7131117547728865
person_mass,201,0.8663793103448276,5.724114967531265
person_mass,202,0.8706896551724138,5.7155622126744605
person_mass,203,0.875,5.7251265168843455
person_mass,204,0.8793103448275862,5.732049630916517
person_mass,205,0.8836206896551724,5.715050982706683
person_mass,206,0.8879310344827587,5.713824768588306
person_mass,207,0.8922413793103449,5.699546764196872
person_mass,208,0.896551724137931,5.706425769859508
person_mass,209,0.9008620689655172,5.743787492414044
person_mass,210,0.9051724137931034,5.781635262227405
person_mass,211,0.9094827586206896,5.780595642248872
person_mass,212,0.9137931034482759,5.758911257432158
person_mass,213,0.9181034482758621,5.778642553480091
person_mass,214,0.9224137931034483,5.7655447056842375
person_mass,215,0.9267241379310345,5.818826836984937
person_mass,216,0.9310344827586207,5.813241863612163
person_mass,217,0.9353448275862069,5.833041368530854
person_mass,218,0.9396551724137931,5.848910226519373
person_mass,219,0.9439655172413793,5.869981293459175
person_mass,220,0.9482758620689655,5.863155564091798
person_mass,221,0.9525862068965517,5.853190868647481
person_mass,222,0.9568965517241379,5.862752663477887
person_mass,223,0.9612068965517241,5.908309350240561
person_mass,224,0.9655172413793104,5.945136654192976
person_mass,225,0.9698275862068966,5.933042833779889
person_mass,226,0.9741379310344828,5.948902910345154
person_mass,227,0.978448275862069,5.9937574681949775
person_mass,228,0.9827586206896551,6.039266414935295
person_mass,229,0.9870689655172413,6.087217591263722
person_mass,230,0.9913793103448276,6.103689567460311
person_mass,231,0.9956896551724138,6.116259708672973
person_mass,232,1.0,6.14067855314152
within_person_shuffle,1,0.004310344827586207,4.830336139778896
within_person_shuffle,2,0.008620689655172414,3.1745440766991826
within_person_shuffle,3,0.01293103448275862,4.911522500732432
within_person_shuffle,4,0.017241379310344827,4.487099449952662
within_person_shuffle,5,0.021551724137931036,4.491980518414678
within_person_shuffle,6,0.02586206896551724,5.089734258703806
within_person_shuffle,7,0.03017241379310345,5.309139483615561
within_person_shuffle,8,0.034482758620689655,4.896847598029752
within_person_shuffle,9,0.03879310344827586,5.10524651154791
within_person_shuffle,10,0.04310344827586207,5.282252892634405
within_person_shuffle,11,0.04741379310344827,4.986297750232424
within_person_shuffle,12,0.05172413793103448,5.066341295721607
within_person_shuffle,13,0.05603448275862069,5.238341264730342
within_person_shuffle,14,0.0603448275862069,5.037615339438545
within_person_shuffle,15,0.06465517241379311,5.0059933540918635
within_person_shuffle,16,0.06896551724137931,4.878948897540581
within_person_shuffle,17,0.07327586206896551,4.963404906556622
within_person_shuffle,18,0.07758620689655173,4.946367666827348
within_person_shuffle,19,0.08189655172413793,4.911727963839919
within_person_shuffle,20,0.08620689655172414,4.84177679246492
within_person_shuffle,21,0.09051724137931035,4.785193128048342
within_person_shuffle,22,0.09482758620689655,4.666364861458896
within_person_shuffle,23,0.09913793103448276,4.710928288312288
within_person_shuffle,24,0.10344827586206896,4.572568417371776
within_person_shuffle,25,0.10775862068965517,4.587099732181886
within_person_shuffle,26,0.11206896551724138,4.539852996031027
within_person_shuffle,27,0.11637931034482758,4.553790436062673
within_person_shuffle,28,0.1206896551724138,4.556258793102237
within_person_shuffle,29,0.125,4.538628344581464
within_person_shuffle,30,0.12931034482758622,4.659838848566394
within_person_shuffle,31,0.1336206896551724,4.703120498201957
within_person_shuffle,32,0.13793103448275862,4.685721528872978
within_person_shuffle,33,0.14224137931034483,4.5795502325319575
within_person_shuffle,34,0.14655172413793102,4.5141078940992925
within_person_shuffle,35,0.15086206896551724,4.536066356958205
within_person_shuffle,36,0.15517241379310345,4.50768844523732
within_person_shuffle,37,0.15948275862068967,4.484544874730581
within_person_shuffle,38,0.16379310344827586,4.8827293163656345
within_person_shuffle,39,0.16810344827586207,4.87520262338304
within_person_shuffle,40,0.1724137931034483,4.821908130387933
within_person_shuffle,41,0.17672413793103448,5.004626794352144
within_person_shuffle,42,0.1810344827586207,4.972786584789626
within_person_shuffle,43,0.1853448275862069,5.023695649183869
within_person_shuffle,44,0.1896551724137931,4.961002451320947
within_person_shuffle,45,0.1939655172413793,4.949281000929402
within_person_shuffle,46,0.19827586206896552,4.933297433072029
within_person_shuffle,47,0.2025862068965517,4.899161881767804
within_person_shuffle,48,0.20689655172413793,4.819344040672853
within_person_shuffle,49,0.21120689655172414,4.8511235207798
within_person_shuffle,50,0.21551724137931033,4.789265280922836
within_person_shuffle,51,0.21982758620689655,5.147149508864347
within_person_shuffle,52,0.22413793103448276,5.185053372151217
within_person_shuffle,53,0.22844827586206898,5.17207433897372
within_person_shuffle,54,0.23275862068965517,5.111434232555797
within_person_shuffle,55,0.23706896551724138,5.063017639803886
within_person_shuffle,56,0.2413793103448276,5.003712604589314
within_person_shuffle,57,0.24568965517241378,4.947917149292589
within_person_shuffle,58,0.25,4.913857045611201
within_person_shuffle,59,0.2543103448275862,4.86996591320741
within_person_shuffle,60,0.25862068965517243,4.856966346151784
within_person_shuffle,61,0.2629310344827586,4.868844160264741
within_person_shuffle,62,0.2672413793103448,4.856125713960105
within_person_shuffle,63,0.27155172413793105,4.879691564078354
within_person_shuffle,64,0.27586206896551724,4.855702222948284
within_person_shuffle,65,0.2801724137931034,4.817634764721245
within_person_shuffle,66,0.28448275862068967,4.853784357904549
within_person_shuffle,67,0.28879310344827586,4.821094134683026
within_person_shuffle,68,0.29310344827586204,4.7949273834511095
within_person_shuffle,69,0.2974137931034483,4.781096773986801
within_person_shuffle,70,0.3017241379310345,4.974594758739698
within_person_shuffle,71,0.30603448275862066,4.9600703323687165
within_person_shuffle,72,0.3103448275862069,4.927739030770392
within_person_shuffle,73,0.3146551724137931,4.9995690705655775
within_person_shuffle,74,0.31896551724137934,5.01674678479021
within_person_shuffle,75,0.3232758620689655,5.030042237167774
within_person_shuffle,76,0.3275862068965517,5.018106981914204
within_person_shuffle,77,0.33189655172413796,4.993757673980369
within_person_shuffle,78,0.33620689655172414,4.991916415381479
within_person_shuffle,79,0.34051724137931033,4.999234209718666
within_person_shuffle,80,0.3448275862068966,5.011548279958466
within_person_shuffle,81,0.34913793103448276,4.977643498528366
within_person_shuffle,82,0.35344827586206895,4.962306512861287
within_person_shuffle,83,0.3577586206896552,4.937943703813595
within_person_shuffle,84,0.3620689655172414,4.895340366345129
within_person_shuffle,85,0.36637931034482757,4.911981659430403
within_person_shuffle,86,0.3706896551724138,4.939681989436661
within_person_shuffle,87,0.375,4.9154487345869855
within_person_shuffle,88,0.3793103448275862,4.899758229346721
within_person_shuffle,89,0.38362068965517243,4.889575189658026
within_person_shuffle,90,0.3879310344827586,4.906394109968931
within_person_shuffle,91,0.3922413793103448,4.870900519919622
within_person_shuffle,92,0.39655172413793105,4.892776575862471
within_person_shuffle,93,0.40086206896551724,4.903861626396851
within_person_shuffle,94,0.4051724137931034,4.9274485446505
within_person_shuffle,95,0.40948275862068967,4.891740333714334
within_person_shuffle,96,0.41379310344827586,4.8675275266108216
within_person_shuffle,97,0.41810344827586204,4.8492907422137295
within_person_shuffle,98,0.4224137931034483,4.848686088439753
within_person_shuffle,99,0.4267241379310345,4.833965623208581
within_person_shuffle,100,0.43103448275862066,4.806880935804505
within_person_shuffle,101,0.4353448275862069,4.820855252545841
within_person_shuffle,102,0.4396551724137931,4.844513612004
within_person_shuffle,103,0.44396551724137934,4.813937543355434
within_person_shuffle,104,0.4482758620689655,4.841950080593641
within_person_shuffle,105,0.4525862068965517,4.855693337994858
within_person_shuffle,106,0.45689655172413796,4.8274439397752635
within_person_shuffle,107,0.46120689655172414,4.802271511458506
within_person_shuffle,108,0.46551724137931033,4.7858285808213585
within_person_shuffle,109,0.4698275862068966,4.780263437871504
within_person_shuffle,110,0.47413793103448276,4.78854648408592
within_person_shuffle,111,0.47844827586206895,4.798609622878441
within_person_shuffle,112,0.4827586206896552,4.8954235843009
within_person_shuffle,113,0.4870689655172414,4.8683538173450405
within_person_shuffle,114,0.49137931034482757,4.9154886699937945
within_person_shuffle,115,0.4956896551724138,4.951304850556615
within_person_shuffle,116,0.5,4.931653994511453
within_person_shuffle,117,0.5043103448275862,4.916278720869049
within_person_shuffle,118,0.5086206896551724,4.893392338189771
within_person_shuffle,119,0.5129310344827587,4.866551473893575
within_person_shuffle,120,0.5172413793103449,4.866673484675522
within_person_shuffle,121,0.521551724137931,4.909674078686268
within_person_shuffle,122,0.5258620689655172,4.922424978777498
within_person_shuffle,123,0.5301724137931034,4.930169081486521
within_person_shuffle,124,0.5344827586206896,4.916327724922163
within_person_shuffle,125,0.5387931034482759,4.938099660736796
within_person_shuffle,126,0.5431034482758621,4.937399218609531
within_person_shuffle,127,0.5474137931034483,4.948907953083421
within_person_shuffle,128,0.5517241379310345,4.940001304599832
within_person_shuffle,129,0.5560344827586207,4.928498225166444
within_person_shuffle,130,0.5603448275862069,4.904353449143531
within_person_shuffle,131,0.5646551724137931,4.937622465435467
within_person_shuffle,132,0.5689655172413793,5.010930671788546
within_person_shuffle,133,0.5732758620689655,5.032073174989311
within_person_shuffle,134,0.5775862068965517,5.013925256052972
within_person_shuffle,135,0.5818965517241379,4.995849640079008
within_person_shuffle,136,0.5862068965517241,5.006940087823235
within_person_shuffle,137,0.5905172413793104,4.9916313036987106
within_person_shuffle,138,0.5948275862068966,5.05065644503599
within_person_shuffle,139,0.5991379310344828,5.083985480570362
within_person_shuffle,140,0.603448275862069,5.077175816681635
within_person_shuffle,141,0.6077586206896551,5.0547753895241
within_person_shuffle,142,0.6120689655172413,5.061146355304911
within_person_shuffle,143,0.6163793103448276,5.085733103732769
within_person_shuffle,144,0.6206896551724138,5.149560192774801
within_person_shuffle,145,0.625,5.151733569125873
within_person_shuffle,146,0.6293103448275862,5.136581339658633
within_person_shuffle,147,0.6336206896551724,5.145240946251238
within_person_shuffle,148,0.6379310344827587,5.151778947533816
within_person_shuffle,149,0.6422413793103449,5.206811026868457
within_person_shuffle,150,0.646551724137931,5.213324909480106
within_person_shuffle,151,0.6508620689655172,5.194828704298789
within_person_shuffle,152,0.6551724137931034,5.189693385119006
within_person_shuffle,153,0.6594827586206896,5.181633867521967
within_person_shuffle,154,0.6637931034482759,5.2171123742312355
within_person_shuffle,155,0.6681034482758621,5.205885760929077
within_person_shuffle,156,0.6724137931034483,5.220446156394647
within_person_shuffle,157,0.6767241379310345,5.199571477503081
within_person_shuffle,158,0.6810344827586207,5.176015174248942
within_person_shuffle,159,0.6853448275862069,5.181962067931583
within_person_shuffle,160,0.6896551724137931,5.2588916995864485
within_person_shuffle,161,0.6939655172413793,5.294080944401633
within_person_shuffle,162,0.6982758620689655,5.302596918743537
within_person_shuffle,163,0.7025862068965517,5.290591391907393
within_person_shuffle,164,0.7068965517241379,5.298778657747491
within_person_shuffle,165,0.7112068965517241,5.284674828550339
within_person_shuffle,166,0.7155172413793104,5.271955976802282
within_person_shuffle,167,0.7198275862068966,5.2546992723343715
within_person_shuffle,168,0.7241379310344828,5.247643752825487
within_person_shuffle,169,0.728448275862069,5.2626273981645655
within_person_shuffle,170,0.7327586206896551,5.2661542676864
within_person_shuffle,171,0.7370689655172413,5.254951038585419
within_person_shuffle,172,0.7413793103448276,5.281528731091874
within_person_shuffle,173,0.7456896551724138,5.287578080358643
within_person_shuffle,174,0.75,5.2765077543450145
within_person_shuffle,175,0.7543103448275862,5.281354392925011
within_person_shuffle,176,0.7586206896551724,5.2861609398301646
within_person_shuffle,177,0.7629310344827587,5.287968307386062
within_person_shuffle,178,0.7672413793103449,5.290436235814792
within_person_shuffle,179,0.771551724137931,5.298922233466616
within_person_shuffle,180,0.7758620689655172,5.311112428660385
within_person_shuffle,181,0.7801724137931034,5.328575086052377
within_person_shuffle,182,0.7844827586206896,5.338864075907678
within_person_shuffle,183,0.7887931034482759,5.368737972920518
within_person_shuffle,184,0.7931034482758621,5.3936607319628465
within_person_shuffle,185,0.7974137931034483,5.4282536035834426
within_person_shuffle,186,0.8017241379310345,5.42646754196362
within_person_shuffle,187,0.8060344827586207,5.4696948363875215
within_person_shuffle,188,0.8103448275862069,5.476631385684364
within_person_shuffle,189,0.8146551724137931,5.510166195980673
within_person_shuffle,190,0.8189655172413793,5.500276122180665
within_person_shuffle,191,0.8232758620689655,5.536332995951432
within_person_shuffle,192,0.8275862068965517,5.609676118276325
within_person_shuffle,193,0.8318965517241379,5.626636812495551
within_person_shuffle,194,0.8362068965517241,5.6248669362939845
within_person_shuffle,195,0.8405172413793104,5.639222050282673
within_person_shuffle,196,0.8448275862068966,5.6397622653904245
within_person_shuffle,197,0.8491379310344828,5.683540664293711
within_person_shuffle,198,0.853448275862069,5.668050547056591
within_person_shuffle,199,0.8577586206896551,5.701629208045291
within_person_shuffle,200,0.8620689655172413,5.705706485330897
within_person_shuffle,201,0.8663793103448276,5.716844009631959
within_person_shuffle,202,0.8706896551724138,5.70319149953709
within_person_shuffle,203,0.875,5.713607917644887
within_person_shuffle,204,0.8793103448275862,5.719412588808281
within_person_shuffle,205,0.8836206896551724,5.701930423612123
within_person_shuffle,206,0.8879310344827587,5.69994662398198
within_person_shuffle,207,0.8922413793103449,5.685424650418168
within_person_shuffle,208,0.896551724137931,5.689322349229318
within_person_shuffle,209,0.9008620689655172,5.7275004176262465
within_person_shuffle,210,0.9051724137931034,5.765798687614222
within_person_shuffle,211,0.9094827586206896,5.767751458047942
within_person_shuffle,212,0.9137931034482759,5.747938997762692
within_person_shuffle,213,0.9181034482758621,5.770483637490958
within_person_shuffle,214,0.9224137931034483,5.756779107307422
within_person_shuffle,215,0.9267241379310345,5.810059469572251
within_person_shuffle,216,0.9310344827586207,5.807491593729225
within_person_shuffle,217,0.9353448275862069,5.82635894914348
within_person_shuffle,218,0.9396551724137931,5.841928525587256
within_person_shuffle,219,0.9439655172413793,5.870746862133561
within_person_shuffle,220,0.9482758620689655,5.861408583167971
within_person_shuffle,221,0.9525862068965517,5.853750546018873
within_person_shuffle,222,0.9568965517241379,5.860489474693208
within_person_shuffle,223,0.9612068965517241,5.908733044606038
within_person_shuffle,224,0.9655172413793104,5.943619716943605
within_person_shuffle,225,0.9698275862068966,5.929215462162172
within_person_shuffle,226,0.9741379310344828,5.945180295789048
within_person_shuffle,227,0.978448275862069,5.9893097682873835
within_person_shuffle,228,0.9827586206896551,6.042446578716775
within_person_shuffle,229,0.9870689655172413,6.095779749985119
within_person_shuffle,230,0.9913793103448276,6.1136213996597375
within_person_shuffle,231,0.9956896551724138,6.123380781571558
within_person_shuffle,232,1.0,6.152189571137683
