method,accepted_count,coverage,mean_delta_e00
C+,1,0.0025,2.842475745163248
C+,2,0.005,2.436219516794523
C+,3,0.0075,2.524129878132163
C+,4,0.01,2.330311744203743
C+,5,0.0125,2.3934765329336676
C+,6,0.015,2.696810005680407
C+,7,0.0175,3.580299338186414
C+,8,0.02,3.53640598597206
C+,9,0.0225,3.5284167452266795
C+,10,0.025,3.4574458170284657
C+,11,0.0275,3.5646940482612375
C+,12,0.03,3.4289372103387765
C+,13,0.0325,3.479304982882898
C+,14,0.035,3.519022661485725
C+,15,0.0375,3.5397767162276392
C+,16,0.04,3.44977177578097
C+,17,0.0425,3.5184026151355403
C+,18,0.045,3.3848874085120335
C+,19,0.0475,3.5341526763667903
C+,20,0.05,3.409196497911027
C+,21,0.0525,3.290438287317074
C+,22,0.055,3.250378694642165
C+,23,0.0575,3.4690256328412468
C+,24,0.06,3.456379963621899
C+,25,0.0625,3.4417947266207536
C+,26,0.065,3.4087835954059567
C+,27,0.0675,3.432105174395723
C+,28,0.07,3.588741279092281
C+,29,0.0725,3.5290517085787654
C+,30,0.075,3.569197048957691
C+,31,0.0775,3.5422763406743356
C+,32,0.08,3.551186571478144
C+,33,0.0825,3.511968740472213
C+,34,0.085,3.6807580793147134
C+,35,0.0875,3.6492960648299624
C+,36,0.09,3.6994712194096673
C+,37,0.0925,3.7914073493746376
C+,38,0.095,3.77432121839202
C+,39,0.0975,3.792734028174907
C+,40,0.1,3.7320934631907887
C+,41,0.1025,3.7385935427086836
C+,42,0.105,3.81498060245247
C+,43,0.1075,3.822346663449849
C+,44,0.11,3.8431307277175533
C+,45,0.1125,4.007367624936418
C+,46,0.115,4.0352300076333005
C+,47,0.1175,4.04447920963727
C+,48,0.12,3.9977310824278494
C+,49,0.1225,3.972307034384286
C+,50,0.125,3.9363845552328716
C+,51,0.1275,3.9955913903304383
C+,52,0.13,3.979849089663311
C+,53,0.1325,3.978642132718916
C+,54,0.135,3.9735448050945403
C+,55,0.1375,3.98460342668483
C+,56,0.14,3.987002411630399
C+,57,0.1425,3.9509316672169623
C+,58,0.145,3.9446743588876734
C+,59,0.1475,3.910668119364776
C+,60,0.15,3.896049846605703
C+,61,0.1525,3.853346857639919
C+,62,0.155,3.8293027873678454
C+,63,0.1575,3.8320725412600534
C+,64,0.16,3.9356782690964884
C+,65,0.1625,3.9620534417603173
C+,66,0.165,3.9647646864580754
C+,67,0.1675,3.963408381812595
C+,68,0.17,3.9676548004719128
C+,69,0.1725,3.943956179165035
C+,70,0.175,3.946765415855327
C+,71,0.1775,3.9167295330694216
C+,72,0.18,3.8963387705212913
C+,73,0.1825,3.9217252925652524
C+,74,0.185,3.966862938556242
C+,75,0.1875,3.9301036394685767
C+,76,0.19,3.9447838541888283
C+,77,0.1925,3.9265668527501547
C+,78,0.195,3.9410434412141173
C+,79,0.1975,3.9037428638174574
C+,80,0.2,3.9269600264780125
C+,81,0.2025,3.958116165798886
C+,82,0.205,3.9605655080470026
C+,83,0.2075,3.93356954973594
C+,84,0.21,3.914474644711948
C+,85,0.2125,3.9255890996242986
C+,86,0.215,3.904951808422285
C+,87,0.2175,3.978363178547231
C+,88,0.22,3.94417845077802
C+,89,0.2225,3.9461489143306783
C+,90,0.225,3.9819913279957295
C+,91,0.2275,3.975460889261184
C+,92,0.23,3.9606176868076677
C+,93,0.2325,3.93859608751253
C+,94,0.235,3.936909081072768
C+,95,0.2375,3.9507870721279543
C+,96,0.24,3.948725600560437
C+,97,0.2425,3.925628320723045
C+,98,0.245,3.935827212560935
C+,99,0.2475,3.9415381226225157
C+,100,0.25,3.942910682289867
C+,101,0.2525,3.9427291815654018
C+,102,0.255,3.9494753655274666
C+,103,0.2575,3.9405351515191205
C+,104,0.26,3.9626600127424183
C+,105,0.2625,3.9434489483858592
C+,106,0.265,3.9800778324516584
C+,107,0.2675,3.9795000130769367
C+,108,0.27,3.9822026259835503
C+,109,0.2725,3.964958348824658
C+,110,0.275,4.033146735007927
C+,111,0.2775,4.011107601831668
C+,112,0.28,3.990808496981187
C+,113,0.2825,3.983284230733639
C+,114,0.285,3.966124388307455
C+,115,0.2875,3.946136763366971
C+,116,0.29,3.9412845525814464
C+,117,0.2925,3.9199478430357053
C+,118,0.295,3.9013113604686125
C+,119,0.2975,3.879751991189059
C+,120,0.3,3.8570295201800544
C+,121,0.3025,3.898547759589544
C+,122,0.305,3.882075621932617
C+,123,0.3075,3.891557543482499
C+,124,0.31,3.8775610572696575
C+,125,0.3125,3.855501422851569
C+,126,0.315,3.926020006592299
C+,127,0.3175,3.9248200330440506
C+,128,0.32,3.908617929158972
C+,129,0.3225,3.908861870929475
C+,130,0.325,3.9010197103323194
C+,131,0.3275,3.915029048406559
C+,132,0.33,3.9246986359512257
C+,133,0.3325,3.9319248278598957
C+,134,0.335,3.923952395619843
C+,135,0.3375,3.943460747776724
C+,136,0.34,3.9637949430550377
C+,137,0.3425,3.954436600117693
C+,138,0.345,3.964741984753779
C+,139,0.3475,3.969183167097351
C+,140,0.35,3.99405882184728
C+,141,0.3525,3.99334103503228
C+,142,0.355,3.9906620893922686
C+,143,0.3575,3.980173442395083
C+,144,0.36,4.013407076810351
C+,145,0.3625,3.9971623751515497
C+,146,0.365,3.99522088249038
C+,147,0.3675,3.9851846766360217
C+,148,0.37,3.993609195044648
C+,149,0.3725,3.9776256145445887
C+,150,0.375,3.967131868261763
C+,151,0.3775,3.9455525628301618
C+,152,0.38,3.954561302831221
C+,153,0.3825,3.975844590302808
C+,154,0.385,3.9754009905276675
C+,155,0.3875,3.9759214750374543
C+,156,0.39,3.9870077703156914
C+,157,0.3925,3.9743550633326907
C+,158,0.395,4.001449875191158
C+,159,0.3975,3.996774315621826
C+,160,0.4,4.031151601796245
C+,161,0.4025,4.024367883246131
C+,162,0.405,4.005171003051912
C+,163,0.4075,4.002113962595329
C+,164,0.41,4.007757129591873
C+,165,0.4125,4.0148416112704455
C+,166,0.415,4.020379708888159
C+,167,0.4175,4.018369604085158
C+,168,0.42,4.048762106155423
C+,169,0.4225,4.049951753828674
C+,170,0.425,4.0560680534626545
C+,171,0.4275,4.058911929215379
C+,172,0.43,4.053903844079089
C+,173,0.4325,4.057302790956013
C+,174,0.435,4.063973790020939
C+,175,0.4375,4.05792808948616
C+,176,0.44,4.062861309327743
C+,177,0.4425,4.050711917886343
C+,178,0.445,4.050342331193472
C+,179,0.4475,4.043245693384382
C+,180,0.45,4.04254981958551
C+,181,0.4525,4.0484012524308675
C+,182,0.455,4.045419886519379
C+,183,0.4575,4.042416148288241
C+,184,0.46,4.072785014940209
C+,185,0.4625,4.071838528876641
C+,186,0.465,4.095005477130297
C+,187,0.4675,4.110347873915277
C+,188,0.47,4.14440328346466
C+,189,0.4725,4.1501630446267
C+,190,0.475,4.161200711482977
C+,191,0.4775,4.15558201760644
C+,192,0.48,4.149797477763225
C+,193,0.4825,4.144554032748264
C+,194,0.485,4.131232256181604
C+,195,0.4875,4.128530079402008
C+,196,0.49,4.136859902073383
C+,197,0.4925,4.134358828452055
C+,198,0.495,4.12838787084198
C+,199,0.4975,4.136678475247239
C+,200,0.5,4.12971426479462
C+,201,0.5025,4.115812617593261
C+,202,0.505,4.1330568778998575
C+,203,0.5075,4.120030844815823
C+,204,0.51,4.12609363836997
C+,205,0.5125,4.128607174812875
C+,206,0.515,4.134563951806521
C+,207,0.5175,4.124133203375222
C+,208,0.52,4.132180874754801
C+,209,0.5225,4.12565774387428
C+,210,0.525,4.13559600069184
C+,211,0.5275,4.1438097892908425
C+,212,0.53,4.138595519685797
C+,213,0.5325,4.151735349335584
C+,214,0.535,4.158740216966663
C+,215,0.5375,4.169656598100513
C+,216,0.54,4.178665404898169
C+,217,0.5425,4.168307956094225
C+,218,0.545,4.203022401152484
C+,219,0.5475,4.196762026686939
C+,220,0.55,4.182984390390935
C+,221,0.5525,4.180146489463455
C+,222,0.555,4.1754761115932935
C+,223,0.5575,4.178063125930584
C+,224,0.56,4.180920097955091
C+,225,0.5625,4.17969271604317
C+,226,0.565,4.196987067916305
C+,227,0.5675,4.193386314963938
C+,228,0.57,4.186459464432466
C+,229,0.5725,4.190223677490233
C+,230,0.575,4.203103449775012
C+,231,0.5775,4.192550302960586
C+,232,0.58,4.197151199938737
C+,233,0.5825,4.1942425520967666
C+,234,0.585,4.186234186483898
C+,235,0.5875,4.206951091082248
C+,236,0.59,4.199094159671956
C+,237,0.5925,4.194886519399627
C+,238,0.595,4.1845380776673915
C+,239,0.5975,4.182155531267218
C+,240,0.6,4.180112655284422
C+,241,0.6025,4.186569491045795
C+,242,0.605,4.187219911568237
C+,243,0.6075,4.187492993599167
C+,244,0.61,4.200730699346936
C+,245,0.6125,4.18858104177362
C+,246,0.615,4.188996096004258
C+,247,0.6175,4.186862327618708
C+,248,0.62,4.212984982532941
C+,249,0.6225,4.209418472122365
C+,250,0.625,4.203487108828746
C+,251,0.6275,4.210441561892401
C+,252,0.63,4.21995519319985
C+,253,0.6325,4.20942926099112
C+,254,0.635,4.199682204477193
C+,255,0.6375,4.202913692609042
C+,256,0.64,4.206245468228042
C+,257,0.6425,4.215886576747376
C+,258,0.645,4.250168688662296
C+,259,0.6475,4.243629540604709
C+,260,0.65,4.244021961640732
C+,261,0.6525,4.24965772140946
C+,262,0.655,4.262187369469234
C+,263,0.6575,4.265958781344693
C+,264,0.66,4.276950946625982
C+,265,0.6625,4.2777595160833
C+,266,0.665,4.2784499604528525
C+,267,0.6675,4.2794385941070185
C+,268,0.67,4.291264174673107
C+,269,0.6725,4.279238646488492
C+,270,0.675,4.277772951619899
C+,271,0.6775,4.285685466807897
C+,272,0.68,4.285065312987886
C+,273,0.6825,4.294307456779749
C+,274,0.685,4.307399347937757
C+,275,0.6875,4.309860419155467
C+,276,0.69,4.298586013906262
C+,277,0.6925,4.311557033812666
C+,278,0.695,4.310312118574278
C+,279,0.6975,4.30905506152078
C+,280,0.7,4.303665846182779
C+,281,0.7025,4.2994025618023555
C+,282,0.705,4.294104939583502
C+,283,0.7075,4.315247665107057
C+,284,0.71,4.307733280460983
C+,285,0.7125,4.311154633961979
C+,286,0.715,4.309156840691466
C+,287,0.7175,4.3188464325385
C+,288,0.72,4.315981948135499
C+,289,0.7225,4.3163938042184675
C+,290,0.725,4.3182698344762205
C+,291,0.7275,4.336923979318857
C+,292,0.73,4.337955872788105
C+,293,0.7325,4.3426487527119075
C+,294,0.735,4.3459953105890206
C+,295,0.7375,4.341580577307141
C+,296,0.74,4.346107663729029
C+,297,0.7425,4.348822737165556
C+,298,0.745,4.345446648460268
C+,299,0.7475,4.341649719946482
C+,300,0.75,4.346861626101809
C+,301,0.7525,4.3394760462844655
C+,302,0.755,4.336414414932575
C+,303,0.7575,4.32829812474603
C+,304,0.76,4.328734620787942
C+,305,0.7625,4.338232442186919
C+,306,0.765,4.3259776894484165
C+,307,0.7675,4.328936355243361
C+,308,0.77,4.328228958291389
C+,309,0.7725,4.329125564294956
C+,310,0.775,4.346587293455075
C+,311,0.7775,4.346174263697838
C+,312,0.78,4.341413794749028
C+,313,0.7825,4.341583171308536
C+,314,0.785,4.3520487562106736
C+,315,0.7875,4.342955329350285
C+,316,0.79,4.339154826211646
C+,317,0.7925,4.347090291675837
C+,318,0.795,4.338545487660462
C+,319,0.7975,4.341285408149861
C+,320,0.8,4.3327558054913045
C+,321,0.8025,4.332726797959159
C+,322,0.805,4.346436772359467
C+,323,0.8075,4.35375843756621
C+,324,0.81,4.347356613242406
C+,325,0.8125,4.343708414902287
C+,326,0.815,4.337659443029495
C+,327,0.8175,4.32946064032526
C+,328,0.82,4.328753068435378
C+,329,0.8225,4.3513457893866585
C+,330,0.825,4.35557452761919
C+,331,0.8275,4.348834652558727
C+,332,0.83,4.3462136839487275
C+,333,0.8325,4.333572147078659
C+,334,0.835,4.327418274157381
C+,335,0.8375,4.338276628101969
C+,336,0.84,4.359053518767962
C+,337,0.8425,4.357459476169153
C+,338,0.845,4.351936651345498
C+,339,0.8475,4.353460430110724
C+,340,0.85,4.345236468924695
C+,341,0.8525,4.349417118773717
C+,342,0.855,4.345011809210724
C+,343,0.8575,4.365050388289148
C+,344,0.86,4.359783122734395
C+,345,0.8625,4.36865259578339
C+,346,0.865,4.374439273075814
C+,347,0.8675,4.387260250385112
C+,348,0.87,4.389532751334735
C+,349,0.8725,4.401476037127377
C+,350,0.875,4.423704033319868
C+,351,0.8775,4.419254195475676
C+,352,0.88,4.434723408186076
C+,353,0.8825,4.442546047081882
C+,354,0.885,4.446018283447341
C+,355,0.8875,4.449457276015332
C+,356,0.89,4.443819434160599
C+,357,0.8925,4.448514352868447
C+,358,0.895,4.441321803475522
C+,359,0.8975,4.438375993059064
C+,360,0.9,4.440133413256293
C+,361,0.9025,4.433707499283095
C+,362,0.905,4.437244771522362
C+,363,0.9075,4.435604643969872
C+,364,0.91,4.432859160620093
C+,365,0.9125,4.445787610325071
C+,366,0.915,4.440869514419975
C+,367,0.9175,4.444707707026286
C+,368,0.92,4.440757716777972
C+,369,0.9225,4.437637661641111
C+,370,0.925,4.434969610763417
C+,371,0.9275,4.433936762711168
C+,372,0.93,4.435180560516624
C+,373,0.9325,4.427294752091582
C+,374,0.935,4.423101204333703
C+,375,0.9375,4.432608497851863
C+,376,0.94,4.441801119016996
C+,377,0.9425,4.457176356578966
C+,378,0.945,4.451020135935046
C+,379,0.9475,4.444669758466601
C+,380,0.95,4.445177461603512
C+,381,0.9525,4.448233192198533
C+,382,0.955,4.444374256430394
C+,383,0.9575,4.4425147363910655
C+,384,0.96,4.437084990261021
C+,385,0.9625,4.435908052879429
C+,386,0.965,4.4266094122776725
C+,387,0.9675,4.430260814430723
C+,388,0.97,4.433740436123098
C+,389,0.9725,4.43507289544534
C+,390,0.975,4.429410433186463
C+,391,0.9775,4.427235212737977
C+,392,0.98,4.43627793999344
C+,393,0.9825,4.445243888197404
C+,394,0.985,4.4537268868541835
C+,395,0.9875,4.457345282444604
C+,396,0.99,4.463100740435786
C+,397,0.9925,4.460804455579013
C+,398,0.995,4.4609070281989025
C+,399,0.9975,4.457965101877186
C+,400,1.0,4.4569795816574835
Proposed,1,0.0025,2.6457645090602235
Proposed,2,0.005,3.85075263099972
Proposed,3,0.0075,3.8050699028733965
Proposed,4,0.01,3.9992446752951647
Proposed,5,0.0125,3.4234170912378574
Proposed,6,0.015,3.541467780254843
Proposed,7,0.0175,3.444632227031708
Proposed,8,0.02,3.4111771681077228
Proposed,9,0.0225,3.6741817213722663
Proposed,10,0.025,3.581958822064366
Proposed,11,0.0275,3.583990545891298
Proposed,12,0.03,3.6595931548016165
Proposed,13,0.0325,3.980094501306152
Proposed,14,0.035,3.9603296398559005
Proposed,15,0.0375,3.961969362969197
Proposed,16,0.04,3.8410376649179137
Proposed,17,0.0425,3.7066762931222326
Proposed,18,0.045,3.7721821746045694
Proposed,19,0.0475,3.7426023245116027
Proposed,20,0.05,3.8171221154405233
Proposed,21,0.0525,3.9096960777048597
Proposed,22,0.055,3.9763726050772563
Proposed,23,0.0575,3.9756430657542525
Proposed,24,0.06,3.904032860859593
Proposed,25,0.0625,3.942239678915679
Proposed,26,0.065,4.065713972149283
Proposed,27,0.0675,4.113491352273524
Proposed,28,0.07,4.031374437480041
Proposed,29,0.0725,3.9726924750745427
Proposed,30,0.075,3.8734126534679905
Proposed,31,0.0775,3.886250381000999
Proposed,32,0.08,3.803057075153613
Proposed,33,0.0825,3.883285870193467
Proposed,34,0.085,3.9236397631676425
Proposed,35,0.0875,3.8646141623400045
Proposed,36,0.09,3.882053235606244
Proposed,37,0.0925,3.868692915810185
Proposed,38,0.095,3.8758484376963778
Proposed,39,0.0975,3.924188628439083
Proposed,40,0.1,3.9229312196083788
Proposed,41,0.1025,3.9871909444179026
Proposed,42,0.105,4.016497270223503
Proposed,43,0.1075,3.985455518837815
Proposed,44,0.11,3.952147407543767
Proposed,45,0.1125,3.9518793855439913
Proposed,46,0.115,3.9079465723813938
Proposed,47,0.1175,3.936587468558711
Proposed,48,0.12,4.072551044688569
Proposed,49,0.1225,4.082949315827788
Proposed,50,0.125,4.0836813236505245
Proposed,51,0.1275,4.041615145285547
Proposed,52,0.13,4.089002587890527
Proposed,53,0.1325,4.085526296944913
Proposed,54,0.135,4.05437884092965
Proposed,55,0.1375,4.004138635088982
Proposed,56,0.14,3.9635639699468155
Proposed,57,0.1425,3.9275823029716057
Proposed,58,0.145,3.908142517866585
Proposed,59,0.1475,3.872420934573678
Proposed,60,0.15,3.8787107950463664
Proposed,61,0.1525,3.8959055910296825
Proposed,62,0.155,3.8963680671278946
Proposed,63,0.1575,3.8720227724238225
Proposed,64,0.16,3.84433019268409
Proposed,65,0.1625,3.8318569859323404
Proposed,66,0.165,3.8365409042032503
Proposed,67,0.1675,3.814091785189729
Proposed,68,0.17,3.8640449102014105
Proposed,69,0.1725,3.8644623880380893
Proposed,70,0.175,3.903654020371393
Proposed,71,0.1775,3.8921663606628423
Proposed,72,0.18,3.850820634479164
Proposed,73,0.1825,3.844365778496284
Proposed,74,0.185,3.8609425553282413
Proposed,75,0.1875,3.8552799706525374
Proposed,76,0.19,3.825763861835211
Proposed,77,0.1925,3.8350704455409677
Proposed,78,0.195,3.8505926187802846
Proposed,79,0.1975,3.860145626307036
Proposed,80,0.2,3.8449705020763654
Proposed,81,0.2025,3.851131005229456
Proposed,82,0.205,3.851818800591672
Proposed,83,0.2075,3.8288510831785643
Proposed,84,0.21,3.8030067290488696
Proposed,85,0.2125,3.8182849929964746
Proposed,86,0.215,3.9072082003916813
Proposed,87,0.2175,3.875551272457392
Proposed,88,0.22,3.916155169200134
Proposed,89,0.2225,3.9501015070191277
Proposed,90,0.225,3.9649785705966156
Proposed,91,0.2275,3.974352705638632
Proposed,92,0.23,4.0532596447356735
Proposed,93,0.2325,4.020107467210093
Proposed,94,0.235,4.0248022571162
Proposed,95,0.2375,4.033683261280841
Proposed,96,0.24,4.010946464139937
Proposed,97,0.2425,4.020370930703816
Proposed,98,0.245,4.016531925274918
Proposed,99,0.2475,3.9905557395219358
Proposed,100,0.25,3.98980898584282
Proposed,101,0.2525,3.9877318422421477
Proposed,102,0.255,3.9999306810546047
Proposed,103,0.2575,3.9877355907989633
Proposed,104,0.26,3.956205986542147
Proposed,105,0.2625,3.979690353980485
Proposed,106,0.265,4.022879496801111
Proposed,107,0.2675,4.004932739033477
Proposed,108,0.27,3.9763173737811544
Proposed,109,0.2725,3.9871078976398397
Proposed,110,0.275,3.981250083143019
Proposed,111,0.2775,3.996479521316995
Proposed,112,0.28,3.9965448584711014
Proposed,113,0.2825,4.00945686529613
Proposed,114,0.285,4.004950540076175
Proposed,115,0.2875,4.020004970803993
Proposed,116,0.29,4.017114343527984
Proposed,117,0.2925,4.017800349655469
Proposed,118,0.295,4.0205788128784805
Proposed,119,0.2975,4.026597860595711
Proposed,120,0.3,4.034094334937452
Proposed,121,0.3025,4.052099271636826
Proposed,122,0.305,4.041672590421493
Proposed,123,0.3075,4.041974391225852
Proposed,124,0.31,4.043980116962019
Proposed,125,0.3125,4.082674167936149
Proposed,126,0.315,4.085995859529175
Proposed,127,0.3175,4.09109362378443
Proposed,128,0.32,4.10098227305066
Proposed,129,0.3225,4.103842429862825
Proposed,130,0.325,4.107944998560718
Proposed,131,0.3275,4.09902154754291
Proposed,132,0.33,4.08031564653718
Proposed,133,0.3325,4.060830357178561
Proposed,134,0.335,4.093069614991084
Proposed,135,0.3375,4.085305768714921
Proposed,136,0.34,4.104413890692731
Proposed,137,0.3425,4.126775033210337
Proposed,138,0.345,4.16039127788413
Proposed,139,0.3475,4.159640808903269
Proposed,140,0.35,4.159635961912135
Proposed,141,0.3525,4.1497722070101055
Proposed,142,0.355,4.145816119524952
Proposed,143,0.3575,4.124976021077687
Proposed,144,0.36,4.153825203384239
Proposed,145,0.3625,4.1535846611790825
Proposed,146,0.365,4.138362156749379
Proposed,147,0.3675,4.172280168961218
Proposed,148,0.37,4.191143368332573
Proposed,149,0.3725,4.200934785271585
Proposed,150,0.375,4.208361093656381
Proposed,151,0.3775,4.193739714055906
Proposed,152,0.38,4.186792825081037
Proposed,153,0.3825,4.177851090689948
Proposed,154,0.385,4.184337100533237
Proposed,155,0.3875,4.164018984447548
Proposed,156,0.39,4.155848228094034
Proposed,157,0.3925,4.149399020286349
Proposed,158,0.395,4.18793615104327
Proposed,159,0.3975,4.176996896191451
Proposed,160,0.4,4.161312837591202
Proposed,161,0.4025,4.160830883652204
Proposed,162,0.405,4.184356522005459
Proposed,163,0.4075,4.168256968979756
Proposed,164,0.41,4.159947311218206
Proposed,165,0.4125,4.169875199334021
Proposed,166,0.415,4.152802134375392
Proposed,167,0.4175,4.141828977874256
Proposed,168,0.42,4.127418346459045
Proposed,169,0.4225,4.154755152425904
Proposed,170,0.425,4.164317498770881
Proposed,171,0.4275,4.166961817753558
Proposed,172,0.43,4.164987642803806
Proposed,173,0.4325,4.161809156360001
Proposed,174,0.435,4.156449060751447
Proposed,175,0.4375,4.157808944163583
Proposed,176,0.44,4.1564463274898555
Proposed,177,0.4425,4.152256593312023
Proposed,178,0.445,4.138591674069982
Proposed,179,0.4475,4.132390789425277
Proposed,180,0.45,4.1269980192212685
Proposed,181,0.4525,4.128843294924396
Proposed,182,0.455,4.122673695482145
Proposed,183,0.4575,4.12710807865334
Proposed,184,0.46,4.117059548831158
Proposed,185,0.4625,4.110274421269954
Proposed,186,0.465,4.10536714634793
Proposed,187,0.4675,4.121895209407062
Proposed,188,0.47,4.119006932962494
Proposed,189,0.4725,4.135443775367327
Proposed,190,0.475,4.12606099380357
Proposed,191,0.4775,4.118776146151057
Proposed,192,0.48,4.11029702856066
Proposed,193,0.4825,4.124516719492262
Proposed,194,0.485,4.109004411123294
Proposed,195,0.4875,4.098856311338955
Proposed,196,0.49,4.092530043886433
Proposed,197,0.4925,4.0922556082734545
Proposed,198,0.495,4.103110482568751
Proposed,199,0.4975,4.0982735776865375
Proposed,200,0.5,4.105829263889638
Proposed,201,0.5025,4.09840754811799
Proposed,202,0.505,4.1006056055338185
Proposed,203,0.5075,4.116944953270375
Proposed,204,0.51,4.100914011247488
Proposed,205,0.5125,4.109607080192965
Proposed,206,0.515,4.108251383117341
Proposed,207,0.5175,4.103697171467387
Proposed,208,0.52,4.102010578343247
Proposed,209,0.5225,4.120142386714715
Proposed,210,0.525,4.1351031900917805
Proposed,211,0.5275,4.1303971767360625
Proposed,212,0.53,4.121179185698692
Proposed,213,0.5325,4.11069922222332
Proposed,214,0.535,4.118824395021042
Proposed,215,0.5375,4.111490675711227
Proposed,216,0.54,4.13528380342144
Proposed,217,0.5425,4.125998525382318
Proposed,218,0.545,4.118799125457386
Proposed,219,0.5475,4.109693539873591
Proposed,220,0.55,4.122630992625115
Proposed,221,0.5525,4.117510993996252
Proposed,222,0.555,4.107682620118754
Proposed,223,0.5575,4.1172774054425245
Proposed,224,0.56,4.117727662734988
Proposed,225,0.5625,4.134455475940939
Proposed,226,0.565,4.125678159924612
Proposed,227,0.5675,4.132925560398253
Proposed,228,0.57,4.147341462872988
Proposed,229,0.5725,4.147183020214311
Proposed,230,0.575,4.143863858665411
Proposed,231,0.5775,4.141318163543127
Proposed,232,0.58,4.134603452989217
Proposed,233,0.5825,4.132703289222724
Proposed,234,0.585,4.139456564441695
Proposed,235,0.5875,4.143051191541128
Proposed,236,0.59,4.148065960935374
Proposed,237,0.5925,4.140728666789946
Proposed,238,0.595,4.13067878727578
Proposed,239,0.5975,4.1178156839525
Proposed,240,0.6,4.128726896298335
Proposed,241,0.6025,4.125633756945421
Proposed,242,0.605,4.1167484894643565
Proposed,243,0.6075,4.123958188664426
Proposed,244,0.61,4.116776981269785
Proposed,245,0.6125,4.100531287085891
Proposed,246,0.615,4.091478646366848
Proposed,247,0.6175,4.0809367056738175
Proposed,248,0.62,4.075475580444156
Proposed,249,0.6225,4.082560827291804
Proposed,250,0.625,4.083524361533327
Proposed,251,0.6275,4.074162419481216
Proposed,252,0.63,4.086455291404645
Proposed,253,0.6325,4.08416018217593
Proposed,254,0.635,4.072797837247579
Proposed,255,0.6375,4.067931964917973
Proposed,256,0.64,4.065630172375475
Proposed,257,0.6425,4.0687228276540415
Proposed,258,0.645,4.0789561163283565
Proposed,259,0.6475,4.079630335358303
Proposed,260,0.65,4.071159366716191
Proposed,261,0.6525,4.071335015225956
Proposed,262,0.655,4.063597962020491
Proposed,263,0.6575,4.0698740155865645
Proposed,264,0.66,4.067789024060704
Proposed,265,0.6625,4.064985759405001
Proposed,266,0.665,4.080738953305624
Proposed,267,0.6675,4.073530167911558
Proposed,268,0.67,4.069866805488729
Proposed,269,0.6725,4.07611099907327
Proposed,270,0.675,4.082885482656498
Proposed,271,0.6775,4.075868054401758
Proposed,272,0.68,4.080221327738118
Proposed,273,0.6825,4.078121152210245
Proposed,274,0.685,4.069579132890419
Proposed,275,0.6875,4.068096864424538
Proposed,276,0.69,4.09436938263994
Proposed,277,0.6925,4.114774641127461
Proposed,278,0.695,4.12137277129537
Proposed,279,0.6975,4.12696497698315
Proposed,280,0.7,4.1218684970682355
Proposed,281,0.7025,4.128963480588968
Proposed,282,0.705,4.12486828997968
Proposed,283,0.7075,4.1145681034673185
Proposed,284,0.71,4.141404331901571
Proposed,285,0.7125,4.1410898710295605
Proposed,286,0.715,4.137596536996383
Proposed,287,0.7175,4.136496413741933
Proposed,288,0.72,4.129182062612363
Proposed,289,0.7225,4.12472979161773
Proposed,290,0.725,4.127582678931032
Proposed,291,0.7275,4.132872293934995
Proposed,292,0.73,4.126344349827285
Proposed,293,0.7325,4.135970649151927
Proposed,294,0.735,4.138990176461271
Proposed,295,0.7375,4.14155844551171
Proposed,296,0.74,4.154891748869344
Proposed,297,0.7425,4.148577525326531
Proposed,298,0.745,4.1520322671236025
Proposed,299,0.7475,4.15173703216331
Proposed,300,0.75,4.148250185173711
Proposed,301,0.7525,4.153525908804555
Proposed,302,0.755,4.145026826167596
Proposed,303,0.7575,4.155940185923107
Proposed,304,0.76,4.154571256885846
Proposed,305,0.7625,4.150270371611564
Proposed,306,0.765,4.149039499044091
Proposed,307,0.7675,4.158619401981374
Proposed,308,0.77,4.155797447336229
Proposed,309,0.7725,4.166725046254462
Proposed,310,0.775,4.164740370790082
Proposed,311,0.7775,4.168041574113273
Proposed,312,0.78,4.163852043272105
Proposed,313,0.7825,4.1632773214033385
Proposed,314,0.785,4.1556405354614245
Proposed,315,0.7875,4.162672924043966
Proposed,316,0.79,4.160463524978206
Proposed,317,0.7925,4.157439612959758
Proposed,318,0.795,4.165470729378556
Proposed,319,0.7975,4.166964305944099
Proposed,320,0.8,4.159119576734101
Proposed,321,0.8025,4.167372072034513
Proposed,322,0.805,4.163597963803527
Proposed,323,0.8075,4.158418851487644
Proposed,324,0.81,4.153545915440918
Proposed,325,0.8125,4.156871275973397
Proposed,326,0.815,4.1596062237607825
Proposed,327,0.8175,4.1623241006684495
Proposed,328,0.82,4.157417963280602
Proposed,329,0.8225,4.17606332208307
Proposed,330,0.825,4.177049882798864
Proposed,331,0.8275,4.166207671987403
Proposed,332,0.83,4.158804303867963
Proposed,333,0.8325,4.152693186141876
Proposed,334,0.835,4.145085759109751
Proposed,335,0.8375,4.1373610661776645
Proposed,336,0.84,4.132316496265618
Proposed,337,0.8425,4.153342988659816
Proposed,338,0.845,4.1535209010289105
Proposed,339,0.8475,4.1530638975551515
Proposed,340,0.85,4.152271065597543
Proposed,341,0.8525,4.154920852065213
Proposed,342,0.855,4.158013423035134
Proposed,343,0.8575,4.175854480876868
Proposed,344,0.86,4.179072401072705
Proposed,345,0.8625,4.192701858847053
Proposed,346,0.865,4.19529440460647
Proposed,347,0.8675,4.205103795946295
Proposed,348,0.87,4.209258029355606
Proposed,349,0.8725,4.202676828767768
Proposed,350,0.875,4.203340633131612
Proposed,351,0.8775,4.203479733466412
Proposed,352,0.88,4.204714838974573
Proposed,353,0.8825,4.205941133908054
Proposed,354,0.885,4.221580457269702
Proposed,355,0.8875,4.218247511285904
Proposed,356,0.89,4.216212756828568
Proposed,357,0.8925,4.234277373045711
Proposed,358,0.895,4.238386608144585
Proposed,359,0.8975,4.239818345472341
Proposed,360,0.9,4.243915948016247
Proposed,361,0.9025,4.236297826326385
Proposed,362,0.905,4.246388257899908
Proposed,363,0.9075,4.2562271775913665
Proposed,364,0.91,4.2534848938717955
Proposed,365,0.9125,4.258598374745742
Proposed,366,0.915,4.254093696846266
Proposed,367,0.9175,4.253178594564278
Proposed,368,0.92,4.258525738322941
Proposed,369,0.9225,4.259534719914738
Proposed,370,0.925,4.251717359668509
Proposed,371,0.9275,4.249995562888138
Proposed,372,0.93,4.273680175490042
Proposed,373,0.9325,4.272672145778755
Proposed,374,0.935,4.276613742731545
Proposed,375,0.9375,4.299185020682083
Proposed,376,0.94,4.298297482322665
Proposed,377,0.9425,4.299207485311638
Proposed,378,0.945,4.312958629804276
Proposed,379,0.9475,4.305102494045746
Proposed,380,0.95,4.317601452659036
Proposed,381,0.9525,4.338241014999824
Proposed,382,0.955,4.335489280473212
Proposed,383,0.9575,4.345026739985407
Proposed,384,0.96,4.3544404609337555
Proposed,385,0.9625,4.366047936098608
Proposed,386,0.965,4.380292415718914
Proposed,387,0.9675,4.387322947017092
Proposed,388,0.97,4.3864158066467445
Proposed,389,0.9725,4.381200064785067
Proposed,390,0.975,4.400124572981532
Proposed,391,0.9775,4.413500949041043
Proposed,392,0.98,4.421700632412316
Proposed,393,0.9825,4.419946122104314
Proposed,394,0.985,4.418478945322243
Proposed,395,0.9875,4.427457395702679
Proposed,396,0.99,4.435942466316987
Proposed,397,0.9925,4.432435429858844
Proposed,398,0.995,4.429968151987075
Proposed,399,0.9975,4.441802174921786
Proposed,400,1.0,4.456979581657481
Same color + density,1,0.0025,0.9942978268779861
Same color + density,2,0.005,2.536545958117814
Same color + density,3,0.0075,4.651276134987969
Same color + density,4,0.01,3.988590294737103
Same color + density,5,0.0125,4.237274916012244
Same color + density,6,0.015,3.8528907600209514
Same color + density,7,0.0175,3.627931878785378
Same color + density,8,0.02,3.9771984648831578
Same color + density,9,0.0225,4.336499111672148
Same color + density,10,0.025,4.331917638755978
Same color + density,11,0.0275,4.734999380523041
Same color + density,12,0.03,4.39947082782029
Same color + density,13,0.0325,4.569348198862526
Same color + density,14,0.035,4.564480992419305
Same color + density,15,0.0375,4.346260094237542
Same color + density,16,0.04,4.264928236329518
Same color + density,17,0.0425,4.128068118135824
Same color + density,18,0.045,4.197429871567033
Same color + density,19,0.0475,4.236205447579864
Same color + density,20,0.05,4.183244762982862
Same color + density,21,0.0525,4.042331421597233
Same color + density,22,0.055,3.9887535800561267
Same color + density,23,0.0575,3.8781507955201944
Same color + density,24,0.06,3.870868947415296
Same color + density,25,0.0625,3.9286294312383294
Same color + density,26,0.065,3.8982133988782333
Same color + density,27,0.0675,3.940716604779323
Same color + density,28,0.07,4.005732987572618
Same color + density,29,0.0725,3.9662874000704047
Same color + density,30,0.075,3.96753772948729
Same color + density,31,0.0775,4.012317261939435
Same color + density,32,0.08,4.016338459747964
Same color + density,33,0.0825,4.0322788339125255
Same color + density,34,0.085,4.106552395762123
Same color + density,35,0.0875,4.031725735745725
Same color + density,36,0.09,4.079072522913211
Same color + density,37,0.0925,4.089406176844859
Same color + density,38,0.095,4.0542100334619215
Same color + density,39,0.0975,4.05922548293559
Same color + density,40,0.1,4.08856979943945
Same color + density,41,0.1025,3.9921798508242423
Same color + density,42,0.105,3.9871283658564005
Same color + density,43,0.1075,4.0283838893635044
Same color + density,44,0.11,4.033906578400498
Same color + density,45,0.1125,4.036080237221371
Same color + density,46,0.115,3.9974045396357414
Same color + density,47,0.1175,3.9971390278680734
Same color + density,48,0.12,3.9897850564264825
Same color + density,49,0.1225,3.9423924536453665
Same color + density,50,0.125,3.9139425770104532
Same color + density,51,0.1275,3.8977482163056263
Same color + density,52,0.13,3.8900172081116953
Same color + density,53,0.1325,3.90307473872299
Same color + density,54,0.135,3.880456724314025
Same color + density,55,0.1375,3.827541277232982
Same color + density,56,0.14,3.9639366263713973
Same color + density,57,0.1425,3.9623569009124417
Same color + density,58,0.145,3.9863997255495005
Same color + density,59,0.1475,3.979923590949689
Same color + density,60,0.15,3.9460165020222573
Same color + density,61,0.1525,3.9462390708521897
Same color + density,62,0.155,3.904134350615892
Same color + density,63,0.1575,3.9065461242496813
Same color + density,64,0.16,3.9170964815670377
Same color + density,65,0.1625,3.8856577921614126
Same color + density,66,0.165,3.9004084818599027
Same color + density,67,0.1675,3.9141042486891595
Same color + density,68,0.17,3.8730160502526814
Same color + density,69,0.1725,3.8419862145552175
Same color + density,70,0.175,3.8262983598433364
Same color + density,71,0.1775,3.8062598431148484
Same color + density,72,0.18,3.8263856540620793
Same color + density,73,0.1825,3.9172959755515295
Same color + density,74,0.185,3.9265930598466934
Same color + density,75,0.1875,3.9022728379242606
Same color + density,76,0.19,3.8752817576325467
Same color + density,77,0.1925,3.8759219829765246
Same color + density,78,0.195,3.908930769239246
Same color + density,79,0.1975,3.880081552094275
Same color + density,80,0.2,3.918297773131728
Same color + density,81,0.2025,3.9117474475764236
Same color + density,82,0.205,3.923415133005457
Same color + density,83,0.2075,3.920538953171499
Same color + density,84,0.21,3.9015991742970835
Same color + density,85,0.2125,3.9563772956931986
Same color + density,86,0.215,3.9477004087995358
Same color + density,87,0.2175,3.979152247292611
Same color + density,88,0.22,3.993639934172414
Same color + density,89,0.2225,3.9992307422470508
Same color + density,90,0.225,3.998573583083793
Same color + density,91,0.2275,3.997411795148062
Same color + density,92,0.23,3.985907024714147
Same color + density,93,0.2325,3.9624087674977053
Same color + density,94,0.235,3.9617954738836123
Same color + density,95,0.2375,3.9953825878741998
Same color + density,96,0.24,4.004657583415138
Same color + density,97,0.2425,3.9886156972933744
Same color + density,98,0.245,3.9995047284734344
Same color + density,99,0.2475,3.977870779036332
Same color + density,100,0.25,3.981531783820736
Same color + density,101,0.2525,3.9926221539274143
Same color + density,102,0.255,3.974362377449471
Same color + density,103,0.2575,3.9626583400055537
Same color + density,104,0.26,3.9440468386030836
Same color + density,105,0.2625,3.947871716425633
Same color + density,106,0.265,3.9246726640238903
Same color + density,107,0.2675,3.9117511881303115
Same color + density,108,0.27,3.9479952573083694
Same color + density,109,0.2725,3.98866402470973
Same color + density,110,0.275,4.034718958731422
Same color + density,111,0.2775,4.099575464531738
Same color + density,112,0.28,4.110195658857285
Same color + density,113,0.2825,4.11999973823247
Same color + density,114,0.285,4.130583396393442
Same color + density,115,0.2875,4.130482206717296
Same color + density,116,0.29,4.124497435147754
Same color + density,117,0.2925,4.142345249168388
Same color + density,118,0.295,4.137877149497688
Same color + density,119,0.2975,4.118350599821707
Same color + density,120,0.3,4.142064625455874
Same color + density,121,0.3025,4.130808258000588
Same color + density,122,0.305,4.130715974795375
Same color + density,123,0.3075,4.118643198651186
Same color + density,124,0.31,4.118820291786947
Same color + density,125,0.3125,4.115579365025617
Same color + density,126,0.315,4.10560578189561
Same color + density,127,0.3175,4.082357354243743
Same color + density,128,0.32,4.108430744637445
Same color + density,129,0.3225,4.10235704809219
Same color + density,130,0.325,4.097768091234096
Same color + density,131,0.3275,4.100780707330971
Same color + density,132,0.33,4.087384262050413
Same color + density,133,0.3325,4.069117653586005
Same color + density,134,0.335,4.053024305069392
Same color + density,135,0.3375,4.098840907845765
Same color + density,136,0.34,4.099282976392079
Same color + density,137,0.3425,4.094029933847092
Same color + density,138,0.345,4.0915578749181005
Same color + density,139,0.3475,4.087148631746306
Same color + density,140,0.35,4.093326620894371
Same color + density,141,0.3525,4.084192907952463
Same color + density,142,0.355,4.106315282878685
Same color + density,143,0.3575,4.095879961975957
Same color + density,144,0.36,4.080846760951418
Same color + density,145,0.3625,4.069880539743294
Same color + density,146,0.365,4.068768551285677
Same color + density,147,0.3675,4.087720448068495
Same color + density,148,0.37,4.092106428089849
Same color + density,149,0.3725,4.0870771789281015
Same color + density,150,0.375,4.092680620068772
Same color + density,151,0.3775,4.084120316405272
Same color + density,152,0.38,4.072516136683433
Same color + density,153,0.3825,4.078474815089478
Same color + density,154,0.385,4.0810168130552595
Same color + density,155,0.3875,4.092642466810195
Same color + density,156,0.39,4.1034474391222355
Same color + density,157,0.3925,4.096457176429959
Same color + density,158,0.395,4.077907966715631
Same color + density,159,0.3975,4.062072881257143
Same color + density,160,0.4,4.069039279540263
Same color + density,161,0.4025,4.063289486513849
Same color + density,162,0.405,4.056902720070355
Same color + density,163,0.4075,4.046508313816987
Same color + density,164,0.41,4.032321683660961
Same color + density,165,0.4125,4.038616990208841
Same color + density,166,0.415,4.058971666147672
Same color + density,167,0.4175,4.077587946084541
Same color + density,168,0.42,4.0766254009983856
Same color + density,169,0.4225,4.071423601500014
Same color + density,170,0.425,4.098928983578591
Same color + density,171,0.4275,4.10686274174304
Same color + density,172,0.43,4.088306993683127
Same color + density,173,0.4325,4.084234559407313
Same color + density,174,0.435,4.074283299170797
Same color + density,175,0.4375,4.0598982194292
Same color + density,176,0.44,4.045678988789606
Same color + density,177,0.4425,4.0286696674249844
Same color + density,178,0.445,4.017832746085973
Same color + density,179,0.4475,4.004392650859435
Same color + density,180,0.45,4.013535272200468
Same color + density,181,0.4525,4.008121109115495
Same color + density,182,0.455,4.004861451252298
Same color + density,183,0.4575,3.98797408426066
Same color + density,184,0.46,4.01588895310647
Same color + density,185,0.4625,4.033079363837816
Same color + density,186,0.465,4.0514428843861
Same color + density,187,0.4675,4.092537077404328
Same color + density,188,0.47,4.106453961597004
Same color + density,189,0.4725,4.111988514574681
Same color + density,190,0.475,4.116268152502373
Same color + density,191,0.4775,4.118499288594587
Same color + density,192,0.48,4.108114791688398
Same color + density,193,0.4825,4.1162163612674965
Same color + density,194,0.485,4.124794390493293
Same color + density,195,0.4875,4.129404222737425
Same color + density,196,0.49,4.121043923482615
Same color + density,197,0.4925,4.120624747364072
Same color + density,198,0.495,4.115781653451647
Same color + density,199,0.4975,4.100407861690642
Same color + density,200,0.5,4.09560865443723
Same color + density,201,0.5025,4.099740824224132
Same color + density,202,0.505,4.10790822053852
Same color + density,203,0.5075,4.101103636440881
Same color + density,204,0.51,4.098430620014296
Same color + density,205,0.5125,4.095940752522121
Same color + density,206,0.515,4.106384339875507
Same color + density,207,0.5175,4.108948552535957
Same color + density,208,0.52,4.098691102891687
Same color + density,209,0.5225,4.097393077166828
Same color + density,210,0.525,4.105197124409166
Same color + density,211,0.5275,4.105253079401373
Same color + density,212,0.53,4.099298117933584
Same color + density,213,0.5325,4.118810029760048
Same color + density,214,0.535,4.133077114406895
Same color + density,215,0.5375,4.122584562658068
Same color + density,216,0.54,4.1090453960271285
Same color + density,217,0.5425,4.101890944164087
Same color + density,218,0.545,4.1122989808374735
Same color + density,219,0.5475,4.109591845092825
Same color + density,220,0.55,4.141903902311085
Same color + density,221,0.5525,4.139030461163201
Same color + density,222,0.555,4.137016203659746
Same color + density,223,0.5575,4.138469014053591
Same color + density,224,0.56,4.151046978924819
Same color + density,225,0.5625,4.160337973324007
Same color + density,226,0.565,4.153360837667866
Same color + density,227,0.5675,4.169784294920755
Same color + density,228,0.57,4.181356164540255
Same color + density,229,0.5725,4.188597849609985
Same color + density,230,0.575,4.204686702680993
Same color + density,231,0.5775,4.209254978435152
Same color + density,232,0.58,4.213882409684332
Same color + density,233,0.5825,4.215610365199886
Same color + density,234,0.585,4.219169569855703
Same color + density,235,0.5875,4.206898563930025
Same color + density,236,0.59,4.200660244134448
Same color + density,237,0.5925,4.202908141500743
Same color + density,238,0.595,4.202464733597143
Same color + density,239,0.5975,4.208753096797333
Same color + density,240,0.6,4.214889951219785
Same color + density,241,0.6025,4.21504461885226
Same color + density,242,0.605,4.21097068456143
Same color + density,243,0.6075,4.217792638102664
Same color + density,244,0.61,4.227169562375787
Same color + density,245,0.6125,4.21871578152156
Same color + density,246,0.615,4.212323179514779
Same color + density,247,0.6175,4.211913199411626
Same color + density,248,0.62,4.206295434346435
Same color + density,249,0.6225,4.208027568949434
Same color + density,250,0.625,4.2297166091226375
Same color + density,251,0.6275,4.233494991480132
Same color + density,252,0.63,4.229257033464643
Same color + density,253,0.6325,4.223961080736717
Same color + density,254,0.635,4.239926817715001
Same color + density,255,0.6375,4.23656741965434
Same color + density,256,0.64,4.235970352598707
Same color + density,257,0.6425,4.231714181468109
Same color + density,258,0.645,4.2414226793963445
Same color + density,259,0.6475,4.23659522231623
Same color + density,260,0.65,4.242273585655252
Same color + density,261,0.6525,4.2410311137162955
Same color + density,262,0.655,4.241079005820755
Same color + density,263,0.6575,4.2475732104670865
Same color + density,264,0.66,4.250031757193881
Same color + density,265,0.6625,4.270773622199501
Same color + density,266,0.665,4.273852378099524
Same color + density,267,0.6675,4.274705471658309
Same color + density,268,0.67,4.2802880559709315
Same color + density,269,0.6725,4.293712853264646
Same color + density,270,0.675,4.292861164971059
Same color + density,271,0.6775,4.288429016903244
Same color + density,272,0.68,4.285719629533367
Same color + density,273,0.6825,4.299648188543763
Same color + density,274,0.685,4.304638015027488
Same color + density,275,0.6875,4.3226240813769055
Same color + density,276,0.69,4.347974399530886
Same color + density,277,0.6925,4.3430146353765124
Same color + density,278,0.695,4.334187053829994
Same color + density,279,0.6975,4.339618233568725
Same color + density,280,0.7,4.33103249699595
Same color + density,281,0.7025,4.324059938588036
Same color + density,282,0.705,4.322279091865984
Same color + density,283,0.7075,4.321135337913894
Same color + density,284,0.71,4.317502669017284
Same color + density,285,0.7125,4.308450406524514
Same color + density,286,0.715,4.306189934140769
Same color + density,287,0.7175,4.299579959626233
Same color + density,288,0.72,4.312331363575029
Same color + density,289,0.7225,4.301596360611037
Same color + density,290,0.725,4.30675654161006
Same color + density,291,0.7275,4.304924468841519
Same color + density,292,0.73,4.315701353647156
Same color + density,293,0.7325,4.311899927235835
Same color + density,294,0.735,4.323081060815053
Same color + density,295,0.7375,4.315614272367991
Same color + density,296,0.74,4.315880537183895
Same color + density,297,0.7425,4.308499801708802
Same color + density,298,0.745,4.30269808281833
Same color + density,299,0.7475,4.312595116306893
Same color + density,300,0.75,4.301936895572244
Same color + density,301,0.7525,4.289599158723849
Same color + density,302,0.755,4.288078411451963
Same color + density,303,0.7575,4.276720505079519
Same color + density,304,0.76,4.269329856340526
Same color + density,305,0.7625,4.269162004480243
Same color + density,306,0.765,4.271708376924975
Same color + density,307,0.7675,4.270308279508178
Same color + density,308,0.77,4.262121750491653
Same color + density,309,0.7725,4.255534665909102
Same color + density,310,0.775,4.252982950274762
Same color + density,311,0.7775,4.254588729562653
Same color + density,312,0.78,4.246467749340077
Same color + density,313,0.7825,4.264026196159859
Same color + density,314,0.785,4.2560685539289125
Same color + density,315,0.7875,4.266469687132536
Same color + density,316,0.79,4.257989729111366
Same color + density,317,0.7925,4.256355016270622
Same color + density,318,0.795,4.249733717654209
Same color + density,319,0.7975,4.268629525005606
Same color + density,320,0.8,4.2769989641523
Same color + density,321,0.8025,4.2781243158912
Same color + density,322,0.805,4.275952809437589
Same color + density,323,0.8075,4.2816481842269285
Same color + density,324,0.81,4.297745381508724
Same color + density,325,0.8125,4.292829089875797
Same color + density,326,0.815,4.303058990920901
Same color + density,327,0.8175,4.304763527887403
Same color + density,328,0.82,4.32749826792862
Same color + density,329,0.8225,4.319243904066867
Same color + density,330,0.825,4.316611222045132
Same color + density,331,0.8275,4.312488859506194
Same color + density,332,0.83,4.304644885400252
Same color + density,333,0.8325,4.296203831744323
Same color + density,334,0.835,4.297237259221632
Same color + density,335,0.8375,4.315791072982759
Same color + density,336,0.84,4.31450449547974
Same color + density,337,0.8425,4.308949246459712
Same color + density,338,0.845,4.309901585806566
Same color + density,339,0.8475,4.320249711234568
Same color + density,340,0.85,4.3199356749350954
Same color + density,341,0.8525,4.313262042678377
Same color + density,342,0.855,4.317051951379044
Same color + density,343,0.8575,4.313520263285472
Same color + density,344,0.86,4.309243971081629
Same color + density,345,0.8625,4.314785082753138
Same color + density,346,0.865,4.328764730788352
Same color + density,347,0.8675,4.341717335020669
Same color + density,348,0.87,4.358815104199611
Same color + density,349,0.8725,4.366641048602449
Same color + density,350,0.875,4.362338954039782
Same color + density,351,0.8775,4.362228143309391
Same color + density,352,0.88,4.3666116473526735
Same color + density,353,0.8825,4.358934704892027
Same color + density,354,0.885,4.382612411867427
Same color + density,355,0.8875,4.379444590717568
Same color + density,356,0.89,4.375968612478307
Same color + density,357,0.8925,4.378312062089792
Same color + density,358,0.895,4.379048401731404
Same color + density,359,0.8975,4.3891021283941125
Same color + density,360,0.9,4.38816513076907
Same color + density,361,0.9025,4.382324139705038
Same color + density,362,0.905,4.37804147742187
Same color + density,363,0.9075,4.381812243065672
Same color + density,364,0.91,4.384036425376761
Same color + density,365,0.9125,4.384176074502067
Same color + density,366,0.915,4.37814330674882
Same color + density,367,0.9175,4.390413312270547
Same color + density,368,0.92,4.400126772958927
Same color + density,369,0.9225,4.398765142390421
Same color + density,370,0.925,4.413537174625951
Same color + density,371,0.9275,4.436844814184362
Same color + density,372,0.93,4.431255156679711
Same color + density,373,0.9325,4.440715318683656
Same color + density,374,0.935,4.434673733408091
Same color + density,375,0.9375,4.429656232885547
Same color + density,376,0.94,4.425970043416262
Same color + density,377,0.9425,4.429389102349584
Same color + density,378,0.945,4.427544628749104
Same color + density,379,0.9475,4.429202421947847
Same color + density,380,0.95,4.422108933749177
Same color + density,381,0.9525,4.425500249014659
Same color + density,382,0.955,4.429935864626826
Same color + density,383,0.9575,4.446216138469441
Same color + density,384,0.96,4.444046124447778
Same color + density,385,0.9625,4.449935185511906
Same color + density,386,0.965,4.469964562504101
Same color + density,387,0.9675,4.468708747351243
Same color + density,388,0.97,4.466196289044859
Same color + density,389,0.9725,4.459631308929577
Same color + density,390,0.975,4.4583642301824264
Same color + density,391,0.9775,4.455368614314527
Same color + density,392,0.98,4.457355653789482
Same color + density,393,0.9825,4.46408275906766
Same color + density,394,0.985,4.46269739967753
Same color + density,395,0.9875,4.4711147362833294
Same color + density,396,0.99,4.467496730972062
Same color + density,397,0.9925,4.459687196205911
Same color + density,398,0.995,4.455039455169056
Same color + density,399,0.9975,4.4580362911771205
Same color + density,400,1.0,4.4569795816574835
CNN/patch fusion + density,1,0.0025,0.6140850743828692
CNN/patch fusion + density,2,0.005,1.8903562403993552
CNN/patch fusion + density,3,0.0075,4.529842310373432
CNN/patch fusion + density,4,0.01,3.9362346537604247
CNN/patch fusion + density,5,0.0125,4.39023176080113
CNN/patch fusion + density,6,0.015,3.859298088427039
CNN/patch fusion + density,7,0.0175,3.650036010094225
CNN/patch fusion + density,8,0.02,4.1256217214899005
CNN/patch fusion + density,9,0.0225,4.450469321183842
CNN/patch fusion + density,10,0.025,4.490566200287896
CNN/patch fusion + density,11,0.0275,4.851273328345661
CNN/patch fusion + density,12,0.03,4.531315346392173
CNN/patch fusion + density,13,0.0325,4.761681424131591
CNN/patch fusion + density,14,0.035,4.733944702180215
CNN/patch fusion + density,15,0.0375,4.54348989816858
CNN/patch fusion + density,16,0.04,4.399070711663443
CNN/patch fusion + density,17,0.0425,4.264742848058474
CNN/patch fusion + density,18,0.045,4.287344656458349
CNN/patch fusion + density,19,0.0475,4.348568682824853
CNN/patch fusion + density,20,0.05,4.314863504729994
CNN/patch fusion + density,21,0.0525,4.181603668791602
CNN/patch fusion + density,22,0.055,4.13308444402335
CNN/patch fusion + density,23,0.0575,4.043485351571212
CNN/patch fusion + density,24,0.06,3.9926430770307455
CNN/patch fusion + density,25,0.0625,4.029350061677855
CNN/patch fusion + density,26,0.065,4.046209670355505
CNN/patch fusion + density,27,0.0675,4.076902722382095
CNN/patch fusion + density,28,0.07,4.134608836469736
CNN/patch fusion + density,29,0.0725,4.081379374722587
CNN/patch fusion + density,30,0.075,4.038579725672373
CNN/patch fusion + density,31,0.0775,4.079218630512533
CNN/patch fusion + density,32,0.08,4.058655295308658
CNN/patch fusion + density,33,0.0825,4.060534280396809
CNN/patch fusion + density,34,0.085,4.137353083985227
CNN/patch fusion + density,35,0.0875,4.045998354215883
CNN/patch fusion + density,36,0.09,4.080182977336605
CNN/patch fusion + density,37,0.0925,4.08995136064012
CNN/patch fusion + density,38,0.095,4.072713834885222
CNN/patch fusion + density,39,0.0975,4.0697746123569205
CNN/patch fusion + density,40,0.1,4.09863467586763
CNN/patch fusion + density,41,0.1025,4.019895370136435
CNN/patch fusion + density,42,0.105,4.002361337598647
CNN/patch fusion + density,43,0.1075,4.031067771383009
CNN/patch fusion + density,44,0.11,4.036880264994743
CNN/patch fusion + density,45,0.1125,4.050042717087123
CNN/patch fusion + density,46,0.115,4.0071521154553436
CNN/patch fusion + density,47,0.1175,4.015725171313807
CNN/patch fusion + density,48,0.12,4.0132131160772815
CNN/patch fusion + density,49,0.1225,3.967097190111406
CNN/patch fusion + density,50,0.125,3.955570895982263
CNN/patch fusion + density,51,0.1275,3.9359905902538834
CNN/patch fusion + density,52,0.13,3.9385297367151773
CNN/patch fusion + density,53,0.1325,3.9475257118736566
CNN/patch fusion + density,54,0.135,3.9086214351646316
CNN/patch fusion + density,55,0.1375,3.8548998701130435
CNN/patch fusion + density,56,0.14,3.9817371439531146
CNN/patch fusion + density,57,0.1425,3.9727160398683092
CNN/patch fusion + density,58,0.145,4.009174519989911
CNN/patch fusion + density,59,0.1475,4.005449709577653
CNN/patch fusion + density,60,0.15,3.979819405197507
CNN/patch fusion + density,61,0.1525,3.9871936616081403
CNN/patch fusion + density,62,0.155,3.9605783575721007
CNN/patch fusion + density,63,0.1575,3.957342605986262
CNN/patch fusion + density,64,0.16,3.962585143348016
CNN/patch fusion + density,65,0.1625,3.9258807836071785
CNN/patch fusion + density,66,0.165,3.9564193487659853
CNN/patch fusion + density,67,0.1675,3.957729758546047
CNN/patch fusion + density,68,0.17,3.930474771236906
CNN/patch fusion + density,69,0.1725,3.9033490524568926
CNN/patch fusion + density,70,0.175,3.8821649099570283
CNN/patch fusion + density,71,0.1775,3.8554063073137135
CNN/patch fusion + density,72,0.18,3.861314358691038
CNN/patch fusion + density,73,0.1825,3.950450530382262
CNN/patch fusion + density,74,0.185,3.9592648080331263
CNN/patch fusion + density,75,0.1875,3.9408486141998362
CNN/patch fusion + density,76,0.19,3.909323781522381
CNN/patch fusion + density,77,0.1925,3.9167033403410287
CNN/patch fusion + density,78,0.195,3.9372702387906657
CNN/patch fusion + density,79,0.1975,3.9038991081103718
CNN/patch fusion + density,80,0.2,3.934612900077242
CNN/patch fusion + density,81,0.2025,3.9181421102606198
CNN/patch fusion + density,82,0.205,3.927817193096362
CNN/patch fusion + density,83,0.2075,3.9328602644474726
CNN/patch fusion + density,84,0.21,3.920864130191912
CNN/patch fusion + density,85,0.2125,3.972187168132277
CNN/patch fusion + density,86,0.215,3.957376947553548
CNN/patch fusion + density,87,0.2175,3.9888679070438653
CNN/patch fusion + density,88,0.22,4.003101747200493
CNN/patch fusion + density,89,0.2225,4.004747992853781
CNN/patch fusion + density,90,0.225,4.014649882538142
CNN/patch fusion + density,91,0.2275,4.0117818346269285
CNN/patch fusion + density,92,0.23,3.9993008609720504
CNN/patch fusion + density,93,0.2325,3.9811062760367038
CNN/patch fusion + density,94,0.235,3.976605109383301
CNN/patch fusion + density,95,0.2375,4.022252440795799
CNN/patch fusion + density,96,0.24,4.029805703328811
CNN/patch fusion + density,97,0.2425,4.010584013970448
CNN/patch fusion + density,98,0.245,4.007649390923943
CNN/patch fusion + density,99,0.2475,3.9931324425298436
CNN/patch fusion + density,100,0.25,4.0020666003161285
CNN/patch fusion + density,101,0.2525,4.030055622286044
CNN/patch fusion + density,102,0.255,4.006440331231194
CNN/patch fusion + density,103,0.2575,3.9887997770369608
CNN/patch fusion + density,104,0.26,3.964766632369842
CNN/patch fusion + density,105,0.2625,3.972133198889369
CNN/patch fusion + density,106,0.265,3.952841121637025
CNN/patch fusion + density,107,0.2675,3.9369781335932936
CNN/patch fusion + density,108,0.27,3.9596472526924433
CNN/patch fusion + density,109,0.2725,4.009211913115338
CNN/patch fusion + density,110,0.275,4.037758835978957
CNN/patch fusion + density,111,0.2775,4.094389403924514
CNN/patch fusion + density,112,0.28,4.1138280679351515
CNN/patch fusion + density,113,0.2825,4.112822144805085
CNN/patch fusion + density,114,0.285,4.112817544905967
CNN/patch fusion + density,115,0.2875,4.120624497301472
CNN/patch fusion + density,116,0.29,4.112492188368405
CNN/patch fusion + density,117,0.2925,4.125254605754413
CNN/patch fusion + density,118,0.295,4.115812539144802
CNN/patch fusion + density,119,0.2975,4.095384797192877
CNN/patch fusion + density,120,0.3,4.109756017768171
CNN/patch fusion + density,121,0.3025,4.110850234342377
CNN/patch fusion + density,122,0.305,4.102000231473907
CNN/patch fusion + density,123,0.3075,4.093851780587534
CNN/patch fusion + density,124,0.31,4.0847927957161385
CNN/patch fusion + density,125,0.3125,4.074031478637438
CNN/patch fusion + density,126,0.315,4.054439393163341
CNN/patch fusion + density,127,0.3175,4.050638283488136
CNN/patch fusion + density,128,0.32,4.070952320060918
CNN/patch fusion + density,129,0.3225,4.063548375031778
CNN/patch fusion + density,130,0.325,4.054998907274482
CNN/patch fusion + density,131,0.3275,4.066545334156937
CNN/patch fusion + density,132,0.33,4.053859268489698
CNN/patch fusion + density,133,0.3325,4.036910234803376
CNN/patch fusion + density,134,0.335,4.017666214937442
CNN/patch fusion + density,135,0.3375,4.058747260052064
CNN/patch fusion + density,136,0.34,4.069173159228755
CNN/patch fusion + density,137,0.3425,4.062521513372669
CNN/patch fusion + density,138,0.345,4.050853420989822
CNN/patch fusion + density,139,0.3475,4.044551221203687
CNN/patch fusion + density,140,0.35,4.0575105614239755
CNN/patch fusion + density,141,0.3525,4.044549067409561
CNN/patch fusion + density,142,0.355,4.053085343956305
CNN/patch fusion + density,143,0.3575,4.0400646219498535
CNN/patch fusion + density,144,0.36,4.033694798184779
CNN/patch fusion + density,145,0.3625,4.019791806172779
CNN/patch fusion + density,146,0.365,4.017666904115981
CNN/patch fusion + density,147,0.3675,4.033971128940885
CNN/patch fusion + density,148,0.37,4.040757440035104
CNN/patch fusion + density,149,0.3725,4.0314400440785345
CNN/patch fusion + density,150,0.375,4.026795810283017
CNN/patch fusion + density,151,0.3775,4.019009123006292
CNN/patch fusion + density,152,0.38,4.003915368177693
CNN/patch fusion + density,153,0.3825,4.001030239433407
CNN/patch fusion + density,154,0.385,4.005983748398698
CNN/patch fusion + density,155,0.3875,4.01367094689897
CNN/patch fusion + density,156,0.39,4.018689452734287
CNN/patch fusion + density,157,0.3925,4.015374865419496
CNN/patch fusion + density,158,0.395,4.006777073717909
CNN/patch fusion + density,159,0.3975,4.001653441990047
CNN/patch fusion + density,160,0.4,4.015783294628741
CNN/patch fusion + density,161,0.4025,4.012089361781437
CNN/patch fusion + density,162,0.405,4.006311778797672
CNN/patch fusion + density,163,0.4075,4.000088630731088
CNN/patch fusion + density,164,0.41,3.990497343677365
CNN/patch fusion + density,165,0.4125,3.994767159613857
CNN/patch fusion + density,166,0.415,4.009483235488996
CNN/patch fusion + density,167,0.4175,4.027536397636383
CNN/patch fusion + density,168,0.42,4.033113685479661
CNN/patch fusion + density,169,0.4225,4.036438838576514
CNN/patch fusion + density,170,0.425,4.063611168063351
CNN/patch fusion + density,171,0.4275,4.072870032996558
CNN/patch fusion + density,172,0.43,4.054362738348629
CNN/patch fusion + density,173,0.4325,4.052578772308223
CNN/patch fusion + density,174,0.435,4.041066748429958
CNN/patch fusion + density,175,0.4375,4.030899858365439
CNN/patch fusion + density,176,0.44,4.016340440553858
CNN/patch fusion + density,177,0.4425,4.0008339225342855
CNN/patch fusion + density,178,0.445,3.9905547663127447
CNN/patch fusion + density,179,0.4475,3.9790583187425956
CNN/patch fusion + density,180,0.45,3.9872827525584236
CNN/patch fusion + density,181,0.4525,3.981358254975839
CNN/patch fusion + density,182,0.455,3.980080156433754
CNN/patch fusion + density,183,0.4575,3.9676835748998074
CNN/patch fusion + density,184,0.46,3.9859876348073873
CNN/patch fusion + density,185,0.4625,3.9906680864359467
CNN/patch fusion + density,186,0.465,4.006519471950969
CNN/patch fusion + density,187,0.4675,4.039832136269018
CNN/patch fusion + density,188,0.47,4.040242152746301
CNN/patch fusion + density,189,0.4725,4.048421535270435
CNN/patch fusion + density,190,0.475,4.049872359942355
CNN/patch fusion + density,191,0.4775,4.05258035403117
CNN/patch fusion + density,192,0.48,4.044342219743442
CNN/patch fusion + density,193,0.4825,4.051881331018503
CNN/patch fusion + density,194,0.485,4.055246340718522
CNN/patch fusion + density,195,0.4875,4.060802293884566
CNN/patch fusion + density,196,0.49,4.054384229852094
CNN/patch fusion + density,197,0.4925,4.05420511943311
CNN/patch fusion + density,198,0.495,4.0520172931354885
CNN/patch fusion + density,199,0.4975,4.036084900968684
CNN/patch fusion + density,200,0.5,4.029985457623077
CNN/patch fusion + density,201,0.5025,4.032316818373332
CNN/patch fusion + density,202,0.505,4.037166837225406
CNN/patch fusion + density,203,0.5075,4.029250767131421
CNN/patch fusion + density,204,0.51,4.03115490665268
CNN/patch fusion + density,205,0.5125,4.0300873318542445
CNN/patch fusion + density,206,0.515,4.042010145569891
CNN/patch fusion + density,207,0.5175,4.0464176694686325
CNN/patch fusion + density,208,0.52,4.045302558405126
CNN/patch fusion + density,209,0.5225,4.044018137648266
CNN/patch fusion + density,210,0.525,4.048629320033201
CNN/patch fusion + density,211,0.5275,4.051812198195522
CNN/patch fusion + density,212,0.53,4.039821628110374
CNN/patch fusion + density,213,0.5325,4.055334823178921
CNN/patch fusion + density,214,0.535,4.069825702870139
CNN/patch fusion + density,215,0.5375,4.061547464402078
CNN/patch fusion + density,216,0.54,4.045820502696654
CNN/patch fusion + density,217,0.5425,4.037236126214854
CNN/patch fusion + density,218,0.545,4.039467919296581
CNN/patch fusion + density,219,0.5475,4.037484611266947
CNN/patch fusion + density,220,0.55,4.0667392262583935
CNN/patch fusion + density,221,0.5525,4.0680228716463285
CNN/patch fusion + density,222,0.555,4.065985521012672
CNN/patch fusion + density,223,0.5575,4.064974722717327
CNN/patch fusion + density,224,0.56,4.073768441628711
CNN/patch fusion + density,225,0.5625,4.081650338346429
CNN/patch fusion + density,226,0.565,4.078041239029822
CNN/patch fusion + density,227,0.5675,4.0860771219759355
CNN/patch fusion + density,228,0.57,4.099418873933991
CNN/patch fusion + density,229,0.5725,4.103277303965645
CNN/patch fusion + density,230,0.575,4.110424469553597
CNN/patch fusion + density,231,0.5775,4.113099047087141
CNN/patch fusion + density,232,0.58,4.117411311545597
CNN/patch fusion + density,233,0.5825,4.121559947220227
CNN/patch fusion + density,234,0.585,4.12775782980442
CNN/patch fusion + density,235,0.5875,4.120158980816405
CNN/patch fusion + density,236,0.59,4.1140413091162795
CNN/patch fusion + density,237,0.5925,4.11653397760896
CNN/patch fusion + density,238,0.595,4.120908701447565
CNN/patch fusion + density,239,0.5975,4.1196909086987334
CNN/patch fusion + density,240,0.6,4.125550656497702
CNN/patch fusion + density,241,0.6025,4.122740363900463
CNN/patch fusion + density,242,0.605,4.117065370091967
CNN/patch fusion + density,243,0.6075,4.124271480570138
CNN/patch fusion + density,244,0.61,4.126076846800369
CNN/patch fusion + density,245,0.6125,4.1180393724695765
CNN/patch fusion + density,246,0.615,4.107509677752243
CNN/patch fusion + density,247,0.6175,4.105768943397239
CNN/patch fusion + density,248,0.62,4.09634267093623
CNN/patch fusion + density,249,0.6225,4.097862182867033
CNN/patch fusion + density,250,0.625,4.112724785868682
CNN/patch fusion + density,251,0.6275,4.116651807337696
CNN/patch fusion + density,252,0.63,4.113110218092825
CNN/patch fusion + density,253,0.6325,4.107985931345216
CNN/patch fusion + density,254,0.635,4.121475735440208
CNN/patch fusion + density,255,0.6375,4.115793128044403
CNN/patch fusion + density,256,0.64,4.116491072814996
CNN/patch fusion + density,257,0.6425,4.113081012792273
CNN/patch fusion + density,258,0.645,4.12454688680777
CNN/patch fusion + density,259,0.6475,4.118816701173764
CNN/patch fusion + density,260,0.65,4.126523253885611
CNN/patch fusion + density,261,0.6525,4.123810705791304
CNN/patch fusion + density,262,0.655,4.118418628374697
CNN/patch fusion + density,263,0.6575,4.124876231665626
CNN/patch fusion + density,264,0.66,4.128599829939592
CNN/patch fusion + density,265,0.6625,4.141550150535054
CNN/patch fusion + density,266,0.665,4.145345242932933
CNN/patch fusion + density,267,0.6675,4.144051853131324
CNN/patch fusion + density,268,0.67,4.144773124163423
CNN/patch fusion + density,269,0.6725,4.157343068901894
CNN/patch fusion + density,270,0.675,4.156225924654777
CNN/patch fusion + density,271,0.6775,4.147723436961484
CNN/patch fusion + density,272,0.68,4.1456459313940535
CNN/patch fusion + density,273,0.6825,4.1531025551373
CNN/patch fusion + density,274,0.685,4.155118129502231
CNN/patch fusion + density,275,0.6875,4.169840725909455
CNN/patch fusion + density,276,0.69,4.1907196389748185
CNN/patch fusion + density,277,0.6925,4.189940905454343
CNN/patch fusion + density,278,0.695,4.1815580909107215
CNN/patch fusion + density,279,0.6975,4.184432499033252
CNN/patch fusion + density,280,0.7,4.174788424733265
CNN/patch fusion + density,281,0.7025,4.167077072690295
CNN/patch fusion + density,282,0.705,4.162306555443606
CNN/patch fusion + density,283,0.7075,4.157370582365371
CNN/patch fusion + density,284,0.71,4.153575220547132
CNN/patch fusion + density,285,0.7125,4.143659044613363
CNN/patch fusion + density,286,0.715,4.142158860957689
CNN/patch fusion + density,287,0.7175,4.1387705653141
CNN/patch fusion + density,288,0.72,4.155962539473442
CNN/patch fusion + density,289,0.7225,4.155115063151659
CNN/patch fusion + density,290,0.725,4.156733193243665
CNN/patch fusion + density,291,0.7275,4.164111636612965
CNN/patch fusion + density,292,0.73,4.170360737362335
CNN/patch fusion + density,293,0.7325,4.167379265549974
CNN/patch fusion + density,294,0.735,4.1707635982016384
CNN/patch fusion + density,295,0.7375,4.161677748317656
CNN/patch fusion + density,296,0.74,4.162352139711643
CNN/patch fusion + density,297,0.7425,4.157043358144475
CNN/patch fusion + density,298,0.745,4.149873709094738
CNN/patch fusion + density,299,0.7475,4.161457547086181
CNN/patch fusion + density,300,0.75,4.154833379612464
CNN/patch fusion + density,301,0.7525,4.146555437394531
CNN/patch fusion + density,302,0.755,4.145972581082738
CNN/patch fusion + density,303,0.7575,4.1388482260077035
CNN/patch fusion + density,304,0.76,4.134037449757081
CNN/patch fusion + density,305,0.7625,4.137868240386388
CNN/patch fusion + density,306,0.765,4.140327225152598
CNN/patch fusion + density,307,0.7675,4.137342118624798
CNN/patch fusion + density,308,0.77,4.132614234679183
CNN/patch fusion + density,309,0.7725,4.125655913066289
CNN/patch fusion + density,310,0.775,4.122890838742821
CNN/patch fusion + density,311,0.7775,4.129794656725074
CNN/patch fusion + density,312,0.78,4.123809536548082
CNN/patch fusion + density,313,0.7825,4.139799481491826
CNN/patch fusion + density,314,0.785,4.1310547062963225
CNN/patch fusion + density,315,0.7875,4.1336240594388185
CNN/patch fusion + density,316,0.79,4.129192866638932
CNN/patch fusion + density,317,0.7925,4.12819851368762
CNN/patch fusion + density,318,0.795,4.119151841255415
CNN/patch fusion + density,319,0.7975,4.137413337575292
CNN/patch fusion + density,320,0.8,4.1447023898452615
CNN/patch fusion + density,321,0.8025,4.139640726534973
CNN/patch fusion + density,322,0.805,4.13915576533465
CNN/patch fusion + density,323,0.8075,4.146012308283751
CNN/patch fusion + density,324,0.81,4.157406350042972
CNN/patch fusion + density,325,0.8125,4.14975896159064
CNN/patch fusion + density,326,0.815,4.152637887719711
CNN/patch fusion + density,327,0.8175,4.153585620201023
CNN/patch fusion + density,328,0.82,4.172987750764178
CNN/patch fusion + density,329,0.8225,4.167541028615954
CNN/patch fusion + density,330,0.825,4.167030799519166
CNN/patch fusion + density,331,0.8275,4.166433563346717
CNN/patch fusion + density,332,0.83,4.160200417843078
CNN/patch fusion + density,333,0.8325,4.1539289379172715
CNN/patch fusion + density,334,0.835,4.1518690272130465
CNN/patch fusion + density,335,0.8375,4.164955031009566
CNN/patch fusion + density,336,0.84,4.165298055620671
CNN/patch fusion + density,337,0.8425,4.162207272818942
CNN/patch fusion + density,338,0.845,4.162595122364417
CNN/patch fusion + density,339,0.8475,4.170574750576495
CNN/patch fusion + density,340,0.85,4.168424932840238
CNN/patch fusion + density,341,0.8525,4.1664316156996835
CNN/patch fusion + density,342,0.855,4.171366449382796
CNN/patch fusion + density,343,0.8575,4.171470548745631
CNN/patch fusion + density,344,0.86,4.167525681329533
CNN/patch fusion + density,345,0.8625,4.172872642043925
CNN/patch fusion + density,346,0.865,4.179675152605257
CNN/patch fusion + density,347,0.8675,4.19382232068118
CNN/patch fusion + density,348,0.87,4.210448465655768
CNN/patch fusion + density,349,0.8725,4.219511803660498
CNN/patch fusion + density,350,0.875,4.214613994614206
CNN/patch fusion + density,351,0.8775,4.214026395941327
CNN/patch fusion + density,352,0.88,4.214949418135093
CNN/patch fusion + density,353,0.8825,4.209737589340377
CNN/patch fusion + density,354,0.885,4.227054479888939
CNN/patch fusion + density,355,0.8875,4.224941986090934
CNN/patch fusion + density,356,0.89,4.221451539891424
CNN/patch fusion + density,357,0.8925,4.2232034308189705
CNN/patch fusion + density,358,0.895,4.221981919413535
CNN/patch fusion + density,359,0.8975,4.233218460474187
CNN/patch fusion + density,360,0.9,4.232218286334347
CNN/patch fusion + density,361,0.9025,4.229820392623288
CNN/patch fusion + density,362,0.905,4.22565409008319
CNN/patch fusion + density,363,0.9075,4.231430558852266
CNN/patch fusion + density,364,0.91,4.233935700560676
CNN/patch fusion + density,365,0.9125,4.235485608496148
CNN/patch fusion + density,366,0.915,4.229553034353232
CNN/patch fusion + density,367,0.9175,4.23775756757063
CNN/patch fusion + density,368,0.92,4.248464684512018
CNN/patch fusion + density,369,0.9225,4.2481906223258274
CNN/patch fusion + density,370,0.925,4.25995128210343
CNN/patch fusion + density,371,0.9275,4.274638387699257
CNN/patch fusion + density,372,0.93,4.26646371566823
CNN/patch fusion + density,373,0.9325,4.271149732301954
CNN/patch fusion + density,374,0.935,4.263717255785465
CNN/patch fusion + density,375,0.9375,4.2577109639466055
CNN/patch fusion + density,376,0.94,4.252558672309187
CNN/patch fusion + density,377,0.9425,4.257483678424209
CNN/patch fusion + density,378,0.945,4.254093711972038
CNN/patch fusion + density,379,0.9475,4.259037038351128
CNN/patch fusion + density,380,0.95,4.2564754938919105
CNN/patch fusion + density,381,0.9525,4.265510385618964
CNN/patch fusion + density,382,0.955,4.270683806465551
CNN/patch fusion + density,383,0.9575,4.285824836265378
CNN/patch fusion + density,384,0.96,4.2842196462775375
CNN/patch fusion + density,385,0.9625,4.288989190795647
CNN/patch fusion + density,386,0.965,4.301644232756693
CNN/patch fusion + density,387,0.9675,4.299186707703043
CNN/patch fusion + density,388,0.97,4.30031287438369
CNN/patch fusion + density,389,0.9725,4.297086591284298
CNN/patch fusion + density,390,0.975,4.301215030810092
CNN/patch fusion + density,391,0.9775,4.300031573548853
CNN/patch fusion + density,392,0.98,4.301295695941943
CNN/patch fusion + density,393,0.9825,4.30952714626011
CNN/patch fusion + density,394,0.985,4.307546637281025
CNN/patch fusion + density,395,0.9875,4.312900568904694
CNN/patch fusion + density,396,0.99,4.305789357000858
CNN/patch fusion + density,397,0.9925,4.298776852933302
CNN/patch fusion + density,398,0.995,4.2959053516947945
CNN/patch fusion + density,399,0.9975,4.302291675808894
CNN/patch fusion + density,400,1.0,4.300472484809171
