dimension,group,people,n,mean,median,p90,p95,max,fraction_gt_5,fraction_gt_10,tail_count,fraction_of_global_tail,person_balanced_mean
patient,P01,1,19,4.011322852321322,4.09518786575495,5.693681670516456,6.8965105218579,8.34507192449608,0.2631578947368421,0.0,0,0.0,4.011322852321322
patient,P02,1,44,4.689620255110338,4.3991550957322385,7.653793260468107,9.254969191647698,13.479114769899834,0.4090909090909091,0.045454545454545456,2,0.04081632653061224,4.689620255110338
patient,P03,1,44,3.851789288267521,3.6736295449646117,6.202259947228423,6.309204873861552,9.243743849498676,0.22727272727272727,0.0,0,0.0,3.851789288267521
patient,P04,1,44,5.161716668334604,5.087654268352567,8.616540358863821,9.239435918984027,11.295158986107715,0.5454545454545454,0.022727272727272728,1,0.02040816326530612,5.161716668334604
patient,P05,1,43,4.844878852203825,4.3437116849747754,7.913576289593894,9.194288665866777,13.19279152175113,0.37209302325581395,0.046511627906976744,2,0.04081632653061224,4.844878852203825
patient,P06,1,44,3.724543161497713,3.339376255553047,6.096428180345355,6.735248790661364,11.224458895667752,0.18181818181818182,0.022727272727272728,1,0.02040816326530612,3.724543161497713
patient,P07,1,44,4.255935715540987,3.890077747401404,7.320454850641259,7.446656317692605,10.388532478897924,0.36363636363636365,0.022727272727272728,1,0.02040816326530612,4.255935715540987
patient,P08,1,44,3.0872059124418483,2.965487995939733,5.121058924754418,5.709153011487166,7.7982395558182365,0.11363636363636363,0.0,0,0.0,3.0872059124418483
patient,P09,1,44,4.0330132624820285,3.765186563204117,6.8654706146885625,7.597120023246684,7.9305141552699565,0.38636363636363635,0.0,0,0.0,4.0330132624820285
patient,P10,1,36,5.581710554628126,4.332252052748526,11.486852630280925,19.148413139004752,21.374734553677868,0.3055555555555556,0.1111111111111111,4,0.08163265306122448,5.581710554628126
patient,P11,1,39,4.559671628018161,3.8676884573739923,8.524064697380455,9.291189176343522,10.19112296527486,0.28205128205128205,0.02564102564102564,1,0.02040816326530612,4.559671628018161
patient,P12,1,44,10.722571840408245,10.4084404754126,15.87007433646198,17.476008361780522,18.76671735080459,0.9545454545454546,0.5681818181818182,24,0.4897959183673469,10.722571840408245
patient,P13,1,44,3.2095886052461364,2.9720382674144235,5.212016198580293,6.32848392455165,9.104055231624805,0.13636363636363635,0.0,0,0.0,3.2095886052461364
patient,P14,1,43,3.902637634055423,3.2954532175707842,6.907567720391594,9.73104638486757,10.374992746581846,0.27906976744186046,0.06976744186046512,2,0.04081632653061224,3.902637634055423
patient,P15,1,38,4.445737428931005,3.8829409590537045,7.701568883159102,8.66402444785421,9.528346304222904,0.39473684210526316,0.0,0,0.0,4.445737428931005
patient,P16,1,44,5.182073798886399,4.2635039560607035,8.972223865075938,10.043108612347881,13.523440844783044,0.4318181818181818,0.06818181818181818,2,0.04081632653061224,5.182073798886399
patient,P17,1,21,4.331849983996654,4.11305923247965,6.329675733024977,6.878195477301216,8.375056417467961,0.38095238095238093,0.0,0,0.0,4.331849983996654
patient,P18,1,44,4.1231404967425025,3.673178289069474,6.855022532104768,9.547768278702023,12.17553165628676,0.2727272727272727,0.045454545454545456,2,0.04081632653061224,4.1231404967425025
patient,P19,1,44,3.120004004336133,2.8621170054103233,4.852272183160225,5.104078181400743,5.686136491952089,0.09090909090909091,0.0,0,0.0,3.120004004336133
patient,P20,1,44,3.7166875795839953,3.082157449334032,6.538591912788729,7.108004686294196,14.175238763551286,0.18181818181818182,0.022727272727272728,1,0.02040816326530612,3.7166875795839953
patient,P21,1,44,4.222844676334403,3.8892622312043628,6.826966589660246,7.771687549588412,9.099310512996317,0.36363636363636365,0.0,0,0.0,4.222844676334403
patient,P22,1,23,3.31268086044106,3.1131871191795755,5.577651099740467,5.903962475085194,6.462461333961971,0.13043478260869565,0.0,0,0.0,3.31268086044106
patient,P23,1,44,6.500543107401075,6.092468177071712,9.369480794583822,10.941782639240092,16.933264830525516,0.6818181818181818,0.09090909090909091,3,0.061224489795918366,6.500543107401075
patient,P24,1,44,5.2748316579517525,4.510576270205917,9.310252875093116,10.191678289412225,14.195809919418156,0.4318181818181818,0.09090909090909091,3,0.061224489795918366,5.2748316579517525
site,S001,1,4,4.954799259384712,4.98300201940085,7.013717583519888,7.405978569669061,7.7982395558182365,0.5,0.0,0,0.0,4.954799259384712
site,S002,1,2,2.712685126158053,2.712685126158053,3.473624977346011,3.5687424587445054,3.6638599401430003,0.0,0.0,0,0.0,2.712685126158053
site,S003,1,4,6.79457110145973,7.0905301581996785,7.886490189058747,8.004602708700128,8.122715228341509,0.75,0.0,0,0.0,6.79457110145973
site,S004,1,4,4.607167916460311,4.611021645073044,6.150355556416345,6.374158462926764,6.597961369437184,0.5,0.0,0,0.0,4.607167916460311
site,S005,1,4,7.154086752748947,6.990692556085722,10.796752579674028,11.01060573767089,11.224458895667752,0.5,0.25,1,0.02040816326530612,7.154086752748947
site,S006,1,4,5.188711584729523,5.430035845539048,7.67277919042507,7.85888919808257,8.044999205740073,0.5,0.0,0,0.0,5.188711584729523
site,S007,1,4,2.8999347341132546,2.985042786587095,3.8643022340652027,3.9412811043830396,4.018259974700877,0.0,0.0,0,0.0,2.8999347341132546
site,S008,1,4,2.709104164889675,2.728383406677445,3.6278806333715803,3.790788450168398,3.953696266965217,0.0,0.0,0,0.0,2.709104164889675
site,S009,1,3,2.4403897353232153,2.616899311346406,2.679054038365067,2.6868233792423997,2.6945927201197324,0.0,0.0,0,0.0,2.4403897353232153
site,S010,1,4,2.4639374112273016,2.011876388353111,3.652686129662898,3.970666428797336,4.288646727931776,0.0,0.0,0,0.0,2.4639374112273016
site,S011,1,4,18.821188022386767,19.288278590344486,20.832717035481693,21.10372579457978,21.374734553677868,1.0,1.0,4,0.08163265306122448,18.821188022386767
site,S012,1,4,4.602287528781103,4.6306860344632845,6.804896007448538,6.886063656854305,6.967231306260073,0.5,0.0,0,0.0,4.602287528781103
site,S013,1,4,2.7168536596944106,2.5083386942054116,3.6006077796834117,3.7410460775065943,3.8814843753297774,0.0,0.0,0,0.0,2.7168536596944106
site,S014,1,4,3.0784535460002047,3.0709576542176102,4.133931779640257,4.306360822658532,4.478789865676808,0.0,0.0,0,0.0,3.0784535460002047
site,S015,1,4,3.387240137251455,2.152499497328449,6.329742134262181,7.130128144766067,7.9305141552699565,0.25,0.0,0,0.0,3.387240137251455
site,S016,1,4,3.6301943556009313,3.1037733660460036,4.936254079656604,5.301423521208399,5.6665929627601965,0.25,0.0,0,0.0,3.6301943556009313
site,S017,1,4,4.6491777179587945,4.7218616637517545,5.557311860856696,5.580771738699944,5.604231616543193,0.5,0.0,0,0.0,4.6491777179587945
site,S018,1,4,1.7567167998716375,1.341033754350633,2.869378927377917,3.1470222694174135,3.424665611456912,0.0,0.0,0,0.0,1.7567167998716375
site,S019,1,4,4.623028379113473,4.363798716711255,5.619138541735381,5.816510039874385,6.01388153801339,0.25,0.0,0,0.0,4.623028379113473
site,S020,1,4,6.214048875349038,5.515915083688442,10.192874422742836,10.744016704425274,11.295158986107715,0.5,0.25,1,0.02040816326530612,6.214048875349038
site,S021,1,4,2.48795081345315,2.1532873751392163,3.8714304910644732,4.117553446528744,4.363676401993016,0.0,0.0,0,0.0,2.48795081345315
site,S022,1,4,2.7948389408527152,2.944473750430753,3.5621347208289453,3.6047328055170444,3.647330890205144,0.0,0.0,0,0.0,2.7948389408527152
site,S023,1,4,6.179432425880985,6.128187593455895,6.916543079976389,7.027697644080442,7.138852208184496,1.0,0.0,0,0.0,6.179432425880985
site,S024,1,4,4.600003536085422,4.774946605033846,5.825968263408035,5.873347397138007,5.920726530867978,0.5,0.0,0,0.0,4.600003536085422
site,S025,1,4,4.479260009254509,4.102580753001309,5.690167181276008,5.959337633798389,6.2285080863207725,0.25,0.0,0,0.0,4.479260009254509
site,S026,1,4,3.8160865841377754,3.7568822958949952,4.826523602844103,4.88712243537779,4.947721267911477,0.0,0.0,0,0.0,3.8160865841377754
site,S027,1,4,8.37073771699167,7.673058717199355,13.00187045022297,13.598840184820562,14.195809919418156,0.75,0.5,2,0.04081632653061224,8.37073771699167
site,S028,1,4,2.080831909714982,1.9328132549867467,2.9791994785771836,3.114547380915557,3.249895283253931,0.0,0.0,0,0.0,2.080831909714982
site,S029,1,4,2.1631676747960045,2.1045337105632163,2.705687535511993,2.791096623646228,2.876505711780463,0.0,0.0,0,0.0,2.1631676747960045
site,S030,1,4,3.6213253256853895,3.6576289373056063,4.396761625807265,4.501567521739096,4.606373417670927,0.0,0.0,0,0.0,3.6213253256853895
site,S031,1,4,2.9716177896375227,3.1268675538016995,3.713219934485503,3.7982223475312575,3.883224760577013,0.0,0.0,0,0.0,2.9716177896375227
site,S032,1,4,3.2205193838199997,2.6654985363080934,5.051763663173225,5.4787303713550966,5.90569707953697,0.25,0.0,0,0.0,3.2205193838199997
site,S033,1,4,14.335427379101606,14.014199823932284,17.408054230721437,18.087385790763012,18.76671735080459,1.0,1.0,4,0.08163265306122448,14.335427379101606
site,S034,1,4,3.4588960757722704,3.2788109993440866,4.953897438148605,5.131045422432578,5.308193406716553,0.25,0.0,0,0.0,3.4588960757722704
site,S035,1,4,3.4426740935170077,3.3202199388725795,5.1597093794981035,5.456928653951045,5.754147928403988,0.25,0.0,0,0.0,3.4426740935170077
site,S036,1,4,5.568405950531557,5.124556291370718,8.272940120972866,8.793146251060113,9.313352381147364,0.5,0.0,0,0.0,5.568405950531557
site,S037,1,4,3.5343276156414567,3.795085710100106,5.702467858271632,5.9709135299775795,6.239359201683529,0.25,0.0,0,0.0,3.5343276156414567
site,S038,1,4,5.374173112980232,5.3548697994817385,6.519678999295254,6.713974750111348,6.908270500927442,0.75,0.0,0,0.0,5.374173112980232
site,S039,1,4,4.27590468059385,3.7391637721067394,6.182026180394375,6.65743661393553,7.132847047476687,0.25,0.0,0,0.0,4.27590468059385
site,S040,1,4,4.497271867777595,4.522833831424777,5.513640246419535,5.599888369185812,5.686136491952089,0.5,0.0,0,0.0,4.497271867777595
site,S041,1,4,4.941911529305278,4.981102263222037,7.346820410144133,7.375521685214987,7.404222960285841,0.5,0.0,0,0.0,4.941911529305278
site,S042,1,4,3.2698349014251784,3.470596104042188,3.971141519388231,4.01118511459709,4.05122870980595,0.0,0.0,0,0.0,3.2698349014251784
site,S043,1,4,4.9753255111921995,5.194253642987377,5.929183159735196,6.071268825399239,6.213354491063281,0.75,0.0,0,0.0,4.9753255111921995
site,S044,1,4,6.129004370246912,5.2621435045114335,9.541601548893329,10.293615776851851,11.045630004810379,0.5,0.25,1,0.02040816326530612,6.129004370246912
site,S045,1,4,2.5883873548529723,2.047851836954127,4.217537736646217,4.645486385168994,5.073435033691772,0.25,0.0,0,0.0,2.5883873548529723
site,S046,1,4,3.569360534334753,2.9243475032884247,5.666089014206957,6.126442949762222,6.586796885317489,0.25,0.0,0,0.0,3.569360534334753
site,S047,1,4,4.592381037752913,4.558151225866422,5.391138697711614,5.429855747356278,5.468572797000942,0.5,0.0,0,0.0,4.592381037752913
site,S048,1,3,2.7490133573057602,2.7534482044490303,3.4575593037546586,3.545573191167862,3.6335870785810656,0.0,0.0,0,0.0,2.7490133573057602
site,S049,1,4,3.6237455710687465,3.7065533865699116,5.105977260166187,5.114970207939364,5.123963155712541,0.5,0.0,0,0.0,3.6237455710687465
site,S050,1,4,10.557013802561336,9.311678598380695,15.439912452023513,16.460547610257812,17.481182768492115,1.0,0.5,2,0.04081632653061224,10.557013802561336
site,S051,1,4,6.129432081385271,5.300137843867709,9.007913448210141,9.69822296355403,10.388532478897924,0.5,0.25,1,0.02040816326530612,6.129432081385271
site,S052,1,4,5.949733263016014,5.920668540711374,7.297752459962732,7.515080863119969,7.732409266277206,0.75,0.0,0,0.0,5.949733263016014
site,S053,1,4,1.9456701523244329,1.6498753632602359,3.0861083676899455,3.2967014808865636,3.5072945940831826,0.0,0.0,0,0.0,1.9456701523244329
site,S054,1,4,4.910184008741459,5.035174556380287,5.58673198964327,5.619816308216014,5.652900626788758,0.5,0.0,0,0.0,4.910184008741459
site,S055,1,4,6.526232345962528,7.040034585973854,9.049961865708042,9.051399441095565,9.05283701648309,0.75,0.0,0,0.0,6.526232345962528
site,S056,1,2,1.850725330793254,1.850725330793254,2.5375331564504253,2.6233841346575715,2.709235112864718,0.0,0.0,0,0.0,1.850725330793254
site,S057,1,4,4.307257447851918,4.219871465645511,7.554488991718611,7.763836117630668,7.973183243542727,0.5,0.0,0,0.0,4.307257447851918
site,S058,1,4,6.344994457448646,6.074429813273566,7.267587624537956,7.459759815911465,7.651932007284975,1.0,0.0,0,0.0,6.344994457448646
site,S059,1,4,10.479729147247005,9.820079662121469,13.358822185971501,14.018484324919946,14.678146463868393,1.0,0.5,2,0.04081632653061224,10.479729147247005
site,S060,1,4,3.9738256596966703,3.9849905316573304,4.526475912255933,4.542778292651013,4.559080673046093,0.0,0.0,0,0.0,3.9738256596966703
site,S061,1,4,6.727308929232045,5.603312608487309,11.811628590432658,12.667534717607849,13.523440844783044,0.5,0.25,1,0.02040816326530612,6.727308929232045
site,S062,1,4,2.0810272322893617,2.2474808042137906,2.664576715019773,2.712553004962219,2.760529294904665,0.0,0.0,0,0.0,2.0810272322893617
site,S063,1,4,2.8781239635491613,2.319661389003703,4.159712776497363,4.537459829319123,4.915206882140885,0.0,0.0,0,0.0,2.8781239635491613
site,S064,1,4,8.383981548214383,8.228627927712717,9.310252875093113,9.50471353906264,9.699174203032168,1.0,0.0,0,0.0,8.383981548214383
site,S065,1,4,4.940866268044349,5.465212361116465,5.967302169792353,6.0337300147960296,6.100157859799707,0.75,0.0,0,0.0,4.940866268044349
site,S066,1,4,4.131912250416102,3.6050768070907804,5.992268240184587,6.462887976737959,6.933507713291334,0.25,0.0,0,0.0,4.131912250416102
site,S067,1,4,4.429468443333878,3.599582242976302,6.181350579095044,6.702303324453583,7.223256069812123,0.25,0.0,0,0.0,4.429468443333878
site,S068,1,4,4.245466775476296,3.9675216727611384,5.224465992516489,5.46258826542317,5.700710538329853,0.25,0.0,0,0.0,4.245466775476296
site,S069,1,4,3.885347884433769,3.7173385814645163,5.349685667561316,5.545912519269519,5.742139370977723,0.25,0.0,0,0.0,3.885347884433769
site,S070,1,4,4.670383974848134,4.592084402492189,5.531767649115878,5.699256622449033,5.86674559578219,0.25,0.0,0,0.0,4.670383974848134
site,S071,1,4,2.990129858285754,2.6192090250875752,4.084198851782973,4.3525738773737865,4.620948902964602,0.0,0.0,0,0.0,2.990129858285754
site,S072,1,4,2.5409140918916644,2.1918932602272996,3.715957727723791,3.9280415234425647,4.140125319161339,0.0,0.0,0,0.0,2.5409140918916644
site,S073,1,4,4.1769570551095,3.651206330187776,5.83599937432202,6.302214175281979,6.768428976241941,0.25,0.0,0,0.0,4.1769570551095
site,S074,1,4,2.6753080038189005,2.703796795640187,3.465844024717516,3.5645901077695816,3.663336190821648,0.0,0.0,0,0.0,2.6753080038189005
site,S075,1,4,5.903831590205208,6.172782517870031,8.05604165925802,8.148515373368223,8.240989087478427,0.5,0.0,0,0.0,5.903831590205208
site,S076,1,4,5.916420550714636,5.6772553336745695,7.743941722728811,7.901043738519049,8.058145754309288,0.5,0.0,0,0.0,5.916420550714636
site,S077,1,4,6.227457903091601,6.2795874296836285,6.339529032264908,6.3511079090334555,6.362686785802003,1.0,0.0,0,0.0,6.227457903091601
site,S078,1,4,3.5646146755589356,3.717705684872337,5.388870520980435,5.712241156289422,6.035611791598412,0.25,0.0,0,0.0,3.5646146755589356
site,S079,1,4,2.4228841167251245,2.88674541288624,3.1670359222489806,3.2083919782896717,3.249748034330363,0.0,0.0,0,0.0,2.4228841167251245
site,S080,1,3,3.4524471428554784,3.2416752588776183,4.399273330781871,4.543973089769903,4.6886728487579346,0.0,0.0,0,0.0,3.4524471428554784
site,S081,1,4,3.957754090733913,4.0880957006787755,4.815525500898588,4.881615906531542,4.947706312164496,0.0,0.0,0,0.0,3.957754090733913
site,S082,1,4,2.1449933400232273,1.9631107586818675,3.4983147188469768,3.680777986738148,3.8632412546293207,0.0,0.0,0,0.0,2.1449933400232273
site,S083,1,4,6.1708751218136175,5.836773221086541,7.862218123616689,8.103645024056384,8.34507192449608,0.5,0.0,0,0.0,6.1708751218136175
site,S084,1,4,5.822601506122279,5.763046335013337,7.461624172015424,7.656320281942974,7.851016391870525,0.5,0.0,0,0.0,5.822601506122279
site,S085,1,4,2.6086619714294974,2.0951441968652667,4.610015111268851,5.000012071828371,5.390009032387893,0.25,0.0,0,0.0,2.6086619714294974
site,S086,1,4,4.230484000451282,4.00030695182468,4.853722839318468,5.001550449803952,5.149378060289438,0.25,0.0,0,0.0,4.230484000451282
site,S087,1,3,4.048270708423828,4.09518786575495,4.886168395174022,4.985040961351406,5.08391352752879,0.3333333333333333,0.0,0,0.0,4.048270708423828
site,S088,1,4,7.5340476281560615,7.234799066494258,11.4932117758287,11.834371716057728,12.17553165628676,0.5,0.25,1,0.02040816326530612,7.5340476281560615
site,S089,1,4,3.6034655452980986,3.365241777852157,4.591952251135687,4.757418126487234,4.922884001838783,0.0,0.0,0,0.0,3.6034655452980986
site,S090,1,4,3.7817277315593993,3.8829968335413056,4.200254306727156,4.23759770265351,4.274941098579863,0.0,0.0,0,0.0,3.7817277315593993
site,S091,1,4,7.0629738585593325,8.162487902355666,9.017766715409318,9.139594487729967,9.261422260050619,0.75,0.0,0,0.0,7.0629738585593325
site,S092,1,4,4.077398830656515,3.7299705127381264,6.027963312603098,6.4731152701111005,6.918267227619106,0.25,0.0,0,0.0,4.077398830656515
site,S093,1,4,4.098390187363322,3.5540246087313596,6.977773150358012,7.3090090278698145,7.6402449053816195,0.5,0.0,0,0.0,4.098390187363322
site,S094,1,4,4.137599710777767,4.311949822143939,5.348891059347037,5.385123689178258,5.42135631900948,0.5,0.0,0,0.0,4.137599710777767
site,S095,1,4,3.854485084448763,4.417697932526648,4.777039725861354,4.848543124193485,4.920046522525617,0.0,0.0,0,0.0,3.854485084448763
site,S096,1,2,2.0409890780184377,2.0409890780184377,2.1025054325419754,2.110194976857418,2.11788452117286,0.0,0.0,0,0.0,2.0409890780184377
site,S097,1,4,4.111006934602864,4.16666190792659,4.984566466384706,5.09471624852979,5.204866030674874,0.25,0.0,0,0.0,4.111006934602864
site,S098,1,4,2.1461605596996485,2.167894987143489,2.424948707962779,2.4558093967738186,2.4866700855848585,0.0,0.0,0,0.0,2.1461605596996485
site,S099,1,4,2.253384627251502,1.932447308476776,3.2171782069530854,3.4117631218734648,3.606348036793845,0.0,0.0,0,0.0,2.253384627251502
site,S100,1,4,5.233941511562758,5.857380829633498,6.31600959508855,6.340329760925914,6.364649926763279,0.75,0.0,0,0.0,5.233941511562758
site,S101,1,4,9.401253313399305,8.931406060726408,11.309272450401123,11.80715338445178,12.305034318502441,1.0,0.25,1,0.02040816326530612,9.401253313399305
site,S102,1,4,2.827957502977582,2.6936212396072303,3.5572615999736215,3.6538334104984327,3.750405221023245,0.0,0.0,0,0.0,2.827957502977582
site,S103,1,4,3.952910634688849,4.007275511865783,5.82668099675743,6.173650255117119,6.5206195134768095,0.25,0.0,0,0.0,3.952910634688849
site,S104,1,4,5.857609105651645,6.092468177071712,6.494986623074003,6.556091590083385,6.617196557092767,0.75,0.0,0,0.0,5.857609105651645
site,S105,1,4,3.1727773270095185,3.164967581823642,4.149463530180106,4.182220509785559,4.2149774893910115,0.0,0.0,0,0.0,3.1727773270095185
site,S106,1,4,1.8848179212472507,2.0904658546839032,2.6023132777001274,2.672976559632868,2.743639841565609,0.0,0.0,0,0.0,1.8848179212472507
site,S107,1,4,2.8751310943975534,2.8280058890976356,4.448115290367635,4.7578056585004465,5.0674960266332585,0.25,0.0,0,0.0,2.8751310943975534
site,S108,1,4,4.544613892233466,4.371828524576422,6.011967619404841,6.240512924840741,6.469058230276642,0.25,0.0,0,0.0,4.544613892233466
site,S109,1,4,1.6405117908028393,1.5491280627212474,2.4508274529615193,2.5130420782720875,2.575256703582656,0.0,0.0,0,0.0,1.6405117908028393
site,S110,1,4,3.9535971576465876,4.606752808154698,5.029064745017315,5.038931931327689,5.048799117638062,0.25,0.0,0,0.0,3.9535971576465876
site,S111,1,4,3.4840113815886355,3.166221098598707,5.1834809117899745,5.47588537763318,5.768289843476388,0.25,0.0,0,0.0,3.4840113815886355
site,S112,1,4,4.806024408729962,4.314595711506566,8.364637423858415,8.804190636678545,9.243743849498676,0.5,0.0,0,0.0,4.806024408729962
site,S113,1,4,9.66478662972459,9.902834663759595,12.699693248578003,13.089404009238917,13.479114769899834,1.0,0.5,2,0.04081632653061224,9.66478662972459
site,S114,1,4,4.721464860368485,4.803776780444782,5.008501891378447,5.021863998556233,5.035226105734018,0.25,0.0,0,0.0,4.721464860368485
site,S115,1,4,4.9143839816625166,4.986856350036852,5.822619902510111,5.883137276263671,5.943654650017232,0.5,0.0,0,0.0,4.9143839816625166
site,S116,1,4,4.790592855686426,4.825975775741067,6.440859982217889,6.467100730851949,6.49334147948601,0.5,0.0,0,0.0,4.790592855686426
site,S117,1,4,2.4989807908525137,2.6044049106694445,3.045705827236519,3.097279629920606,3.148853432604693,0.0,0.0,0,0.0,2.4989807908525137
site,S118,1,4,2.8912876364689244,3.0716690542408847,3.3460617736025307,3.3625297760505557,3.3789977784985803,0.0,0.0,0,0.0,2.8912876364689244
site,S119,1,4,6.397233146630443,6.603935605163096,7.925998135417938,8.150527276442949,8.375056417467961,0.75,0.0,0,0.0,6.397233146630443
site,S120,1,4,3.0965232066837762,2.740214335302115,4.360044377981778,4.6073770417694,4.854709705557024,0.0,0.0,0,0.0,3.0965232066837762
site,S121,1,4,3.9383266901490046,4.0787359394472285,4.22366851138044,4.236650909449164,4.249633307517888,0.0,0.0,0,0.0,3.9383266901490046
site,S122,1,4,3.1420504461348195,2.9750203382861296,4.066662221085786,4.171031185303494,4.275400149521202,0.0,0.0,0,0.0,3.1420504461348195
site,S123,1,4,4.917328325678342,5.299145813296644,6.228375809447447,6.262654715084027,6.2969336207206075,0.5,0.0,0,0.0,4.917328325678342
site,S124,1,4,4.370671672453492,4.450818020768819,6.461120116059498,6.528705694071504,6.596291272083509,0.5,0.0,0,0.0,4.370671672453492
site,S125,1,4,1.8155539847883335,1.7091362649827162,2.5163457985129636,2.6864678271735905,2.8565898558342186,0.0,0.0,0,0.0,1.8155539847883335
site,S126,1,4,4.414324001318521,4.370804958203322,5.484352400022086,5.701560187687704,5.918767975353323,0.25,0.0,0,0.0,4.414324001318521
site,S127,1,4,4.07609988480965,3.7617879425697662,4.859656487636458,5.0782286665517065,5.296800845466957,0.25,0.0,0,0.0,4.07609988480965
site,S128,1,4,4.702222496133118,4.427778256828466,7.46698180738686,8.002401420202714,8.537821033018572,0.25,0.0,0,0.0,4.702222496133118
site,S129,1,4,3.934117744934938,3.625710668192287,5.972563975651817,6.255888629071346,6.539213282490876,0.25,0.0,0,0.0,3.934117744934938
site,S130,1,4,2.7079403560912665,2.8851009720532845,3.173291577840281,3.220770542894892,3.2682495079495033,0.0,0.0,0,0.0,2.7079403560912665
site,S131,1,3,4.356010511186878,5.0546810236493895,5.963941035998874,6.07759853754256,6.191256039086245,0.6666666666666666,0.0,0,0.0,4.356010511186878
site,S132,1,4,3.7216100816349336,3.548778067178378,4.140209993858821,4.24490382654854,4.34959765923826,0.0,0.0,0,0.0,3.7216100816349336
site,S133,1,4,2.4661180070967346,1.6602580681682437,4.221704670685952,4.7637268701761615,5.3057490696663745,0.25,0.0,0,0.0,2.4661180070967346
site,S134,1,4,11.252610862174414,10.996397440476546,13.065928459226413,13.348812674418024,13.631696889609639,1.0,0.75,3,0.061224489795918366,11.252610862174414
site,S135,1,4,3.5796935625450104,3.342703900994061,4.290198799229578,4.444406673343798,4.598614547458021,0.0,0.0,0,0.0,3.5796935625450104
site,S136,1,4,2.1731070313563494,2.245342563499502,3.0531501835574457,3.1049962351793243,3.1568422868012034,0.0,0.0,0,0.0,2.1731070313563494
site,S137,1,4,2.464557585378616,2.832380837911578,3.077699805248741,3.0816333261296784,3.0855668470106163,0.0,0.0,0,0.0,2.464557585378616
site,S138,1,2,4.787824226570773,4.787824226570773,6.127533912483732,6.2949976232228515,6.462461333961971,0.5,0.0,0,0.0,4.787824226570773
site,S139,1,4,14.916748590947682,14.887136205127373,17.702282809535372,17.757053399346916,17.81182398915846,1.0,1.0,4,0.08163265306122448,14.916748590947682
site,S140,1,4,11.440112923424238,11.146857824994369,15.933459919576476,16.433362375050994,16.933264830525516,1.0,0.5,2,0.04081632653061224,11.440112923424238
site,S141,1,4,2.3670952050443383,2.4900224696129145,3.0939121391747597,3.1066145416911835,3.1193169442076067,0.0,0.0,0,0.0,2.3670952050443383
site,S142,1,4,4.199180970541649,4.213532520344716,6.094986830021117,6.218835731000763,6.3426846319804095,0.5,0.0,0,0.0,4.199180970541649
site,S143,1,4,3.245758873487702,2.9596203102097753,4.93818655594219,5.185699415181617,5.433212274421045,0.25,0.0,0,0.0,3.245758873487702
site,S144,1,4,4.0520674223067585,3.9422111059271225,4.9487640840873075,5.14018002827864,5.331595972469974,0.25,0.0,0,0.0,4.0520674223067585
site,S145,1,4,3.6624466485680385,3.93427226354211,4.920444415362773,4.926991364494981,4.9335383136271895,0.0,0.0,0,0.0,3.6624466485680385
site,S146,1,3,9.524529810057217,9.55909142297965,10.064716656815817,10.127919811045338,10.19112296527486,1.0,0.3333333333333333,1,0.02040816326530612,9.524529810057217
site,S147,1,4,3.6485048040800727,3.5194039898098968,4.884271900174486,4.982967460252613,5.081663020330741,0.25,0.0,0,0.0,3.6485048040800727
site,S148,1,4,9.354067393240689,9.524568876454566,10.008847349124697,10.079885671927897,10.1509239947311,1.0,0.25,0,0.0,9.354067393240689
site,S149,1,4,5.186772013358934,5.44608085428207,6.535798877871714,6.688585387867068,6.841371897862422,0.75,0.0,0,0.0,5.186772013358934
site,S150,1,4,10.997820997483537,10.747454999765736,13.558314432298815,13.99861058996926,14.43890674763971,1.0,0.5,2,0.04081632653061224,10.997820997483537
site,S151,1,4,3.9023823248096705,3.8847734343967497,6.10453724762013,6.388016936259134,6.671496624898138,0.25,0.0,0,0.0,3.9023823248096705
site,S152,1,4,8.451009990080927,8.007660566545194,12.353765082485003,12.773278302118065,13.19279152175113,0.75,0.5,2,0.04081632653061224,8.451009990080927
site,S153,1,4,4.224274116924302,4.133922329986277,6.5671472185001125,6.752653172468425,6.938159126436737,0.5,0.0,0,0.0,4.224274116924302
site,S154,1,4,2.842576599722029,3.1681128843892647,3.7302589881505988,3.840650926201698,3.9510428642527984,0.0,0.0,0,0.0,2.842576599722029
site,S155,1,4,3.787681669698237,3.4588083538485304,5.501925857832182,5.852119586501793,6.202313315171406,0.25,0.0,0,0.0,3.787681669698237
site,S156,1,4,5.210696430047028,5.021927587118116,6.239608355285734,6.393418047161915,6.547227739038097,0.5,0.0,0,0.0,5.210696430047028
site,S157,1,4,8.860397006726204,9.168720662681412,13.781842118345997,14.001249566374774,14.220657014403555,0.75,0.5,2,0.04081632653061224,8.860397006726204
site,S158,1,4,3.451171662714309,3.3946975018737198,4.236801806970242,4.411957972271926,4.587114137573612,0.0,0.0,0,0.0,3.451171662714309
site,S159,1,4,4.815794964844613,4.844731484301571,4.92103048622468,4.92577425187814,4.930518017531601,0.0,0.0,0,0.0,4.815794964844613
site,S160,1,4,4.114719439156101,3.7242388149697483,5.3267953242972705,5.583960195036547,5.841125065775826,0.25,0.0,0,0.0,4.114719439156101
site,S161,1,4,1.890123007367419,2.0399218102301546,2.6158808625706174,2.7026872843907976,2.7894937062109784,0.0,0.0,0,0.0,1.890123007367419
site,S162,1,4,6.388033588162046,5.760472133501545,9.439221407345482,10.20261920222974,10.966016997114005,0.75,0.25,1,0.02040816326530612,6.388033588162046
site,S163,1,4,3.0497729305439485,2.5943406486487937,4.300362658165521,4.625886694990505,4.951410731815491,0.0,0.0,0,0.0,3.0497729305439485
site,S164,1,4,4.031627488269855,3.210733704910708,6.017913597455491,6.608885207574266,7.1998568176930435,0.25,0.0,0,0.0,4.031627488269855
site,S165,1,4,9.412026444181627,9.203770075177047,10.780004608739452,10.94178263924009,11.10356066974073,1.0,0.5,1,0.02040816326530612,9.412026444181627
site,S166,1,2,4.466520349920918,4.466520349920918,5.509874448121814,5.640293710396926,5.7707129726720385,0.5,0.0,0,0.0,4.466520349920918
site,S167,1,4,3.4627740560424796,2.8875763600483353,4.954661847385649,5.389876732849397,5.825091618313147,0.25,0.0,0,0.0,3.4627740560424796
site,S168,1,4,6.442373187321117,6.705685478639285,7.405469917086086,7.475421732396749,7.545373547707413,0.75,0.0,0,0.0,6.442373187321117
site,S169,1,4,2.4738835766214002,1.973924070192468,4.23526071890857,4.683199029852224,5.131137340795879,0.25,0.0,0,0.0,2.4738835766214002
site,S170,1,4,13.349108237083273,13.239525150406564,15.482351802817654,15.931626185195581,16.380900567573512,1.0,1.0,4,0.08163265306122448,13.349108237083273
site,S171,1,2,3.496181975202597,3.496181975202597,4.284114566597068,4.382606140521377,4.481097714445686,0.0,0.0,0,0.0,3.496181975202597
site,S172,1,4,5.377399305694133,5.9080888751918845,6.409410927365759,6.504190352293835,6.598969777221912,0.75,0.0,0,0.0,5.377399305694133
site,S173,1,4,3.385793712001075,3.3171872481256095,4.465793518053375,4.541054431315008,4.616315344576641,0.0,0.0,0,0.0,3.385793712001075
site,S174,1,3,1.55148844515696,1.211875122285665,2.449308220570456,2.6039873578560546,2.7586664951416537,0.0,0.0,0,0.0,1.55148844515696
site,S175,1,4,5.183817614333786,4.641663179918485,6.416616678579186,6.779943606292963,7.143270534006742,0.25,0.0,0,0.0,5.183817614333786
site,S176,1,4,7.662814444260475,7.626297364107158,9.56578961796233,9.628666292438737,9.691542966915145,1.0,0.0,0,0.0,7.662814444260475
site,S177,1,4,3.7207679839707675,3.6224807091119366,4.59875635765666,4.689044808679554,4.77933325970245,0.0,0.0,0,0.0,3.7207679839707675
site,S178,1,4,2.410153067381154,2.091850416309217,2.9917841004924304,3.183089553298027,3.374395006103624,0.0,0.0,0,0.0,2.410153067381154
site,S179,1,4,8.600665882226162,8.632467871557212,10.3588428783354,10.366917812458622,10.374992746581846,1.0,0.5,2,0.04081632653061224,8.600665882226162
site,S180,1,4,7.803818992283979,8.704976955300857,9.483595552532883,9.505970928377893,9.528346304222904,0.75,0.0,0,0.0,7.803818992283979
site,S181,1,4,2.4926986246222826,2.068747646024263,3.5388206400413234,3.808873680640153,4.078926721238984,0.0,0.0,0,0.0,2.4926986246222826
site,S182,1,4,3.266034557847826,3.4400048140500425,4.433670073488825,4.50237239656222,4.5710747196356145,0.0,0.0,0,0.0,3.266034557847826
site,S183,1,4,1.9507293992536228,1.9645575048475452,2.534087074637727,2.634741071929179,2.735395069220632,0.0,0.0,0,0.0,1.9507293992536228
site,S184,1,4,2.771198346449718,2.7441256528687377,3.761442669242439,3.9668272080505877,4.172211746858737,0.0,0.0,0,0.0,2.771198346449718
site,S185,1,4,5.800892678601995,5.769618375559231,6.471327148059283,6.516644542620468,6.561961937181653,1.0,0.0,0,0.0,5.800892678601995
site,S186,1,4,2.5567721063075366,2.709351599927687,2.797035669156391,2.804688019558714,2.812340369961037,0.0,0.0,0,0.0,2.5567721063075366
site,S187,1,4,2.780502086345671,2.8341706485981657,3.5339428756434277,3.6609496441598464,3.787956412676266,0.0,0.0,0,0.0,2.780502086345671
site,S188,1,4,2.0832552925422854,1.9745084645787934,3.2106150155442195,3.2892975197752685,3.3679800240063185,0.0,0.0,0,0.0,2.0832552925422854
site,S189,1,4,7.457333239762914,7.149612118995491,8.742381763744753,8.93078648676802,9.119191209791286,1.0,0.0,0,0.0,7.457333239762914
site,S190,1,4,2.31228012846155,1.8458779064643784,3.3991893788684853,3.681434128212024,3.9636788775555645,0.0,0.0,0,0.0,2.31228012846155
site,S191,1,4,2.434016302264097,2.41708366426632,2.6173682287014577,2.6472446572672337,2.6771210858330097,0.0,0.0,0,0.0,2.434016302264097
site,S192,1,1,3.3171057615828055,3.3171057615828055,3.3171057615828055,3.3171057615828055,3.3171057615828055,0.0,0.0,0,0.0,3.3171057615828055
site,S193,1,4,5.133095095947661,5.039764844940676,6.07490946513015,6.1548434100079294,6.2347773548857095,0.5,0.0,0,0.0,5.133095095947661
site,S194,1,4,5.581245738305023,4.647414940873175,7.947665510582656,8.6304652537289,9.31326499687515,0.25,0.0,0,0.0,5.581245738305023
site,S195,1,4,3.8911833984267763,3.3129180815707406,5.813618210328126,6.333045952379694,6.852473694431264,0.25,0.0,0,0.0,3.8911833984267763
site,S196,1,2,4.091648460400993,4.091648460400993,4.6626525784915405,4.734028093252858,4.805403608014177,0.0,0.0,0,0.0,4.091648460400993
site,S197,1,4,3.103892823352944,2.903492350949702,3.999868649629697,4.187243110642142,4.374617571654589,0.0,0.0,0,0.0,3.103892823352944
site,S198,1,4,3.468043790383754,3.4210706252867666,4.564195839820894,4.716153031354628,4.868110222888361,0.0,0.0,0,0.0,3.468043790383754
site,S199,1,4,4.38593127165019,3.509079933850381,6.310148305192636,6.838353090237184,7.366557875281734,0.25,0.0,0,0.0,4.38593127165019
site,S200,1,4,7.489167175831678,7.119086678609122,8.566164592094353,8.832737552545334,9.099310512996317,1.0,0.0,0,0.0,7.489167175831678
site,S201,1,4,3.3279614300752955,3.1913130137881747,4.863812559876117,5.158997187750641,5.454181815625167,0.25,0.0,0,0.0,3.3279614300752955
site,S202,1,4,6.22278805857938,6.730212274298053,7.221070583836419,7.253794682099725,7.286518780363032,0.75,0.0,0,0.0,6.22278805857938
site,S203,1,4,4.219361651983893,3.878004395444232,5.502584020204858,5.760733286675332,6.018882553145807,0.25,0.0,0,0.0,4.219361651983893
site,S204,1,4,3.037806848593609,2.472475464291393,4.990050619211004,5.4376441188549665,5.885237618498931,0.25,0.0,0,0.0,3.037806848593609
site,S205,1,4,3.174333403137321,3.099432960798202,3.8097299218871536,3.9026461462716715,3.99556237065619,0.0,0.0,0,0.0,3.174333403137321
site,S206,1,4,6.552185921306219,6.224309695148316,7.396715841867572,7.635599062371468,7.874482282875365,1.0,0.0,0,0.0,6.552185921306219
site,S207,1,4,2.52737028957172,2.2209883844954854,3.1519882007493747,3.338395661688116,3.524803122626859,0.0,0.0,0,0.0,2.52737028957172
site,S208,1,2,4.6496943370960295,4.6496943370960295,5.287634960195963,5.3673775380834545,5.447120115970947,0.5,0.0,0,0.0,4.6496943370960295
site,S209,1,4,3.90292803665036,3.151104985192722,6.297904748036757,6.929192266557974,7.5604797850791945,0.25,0.0,0,0.0,3.90292803665036
site,S210,1,4,5.863387843407517,5.3179469744620675,8.287774500341992,8.695914865983397,9.104055231624805,0.5,0.0,0,0.0,5.863387843407517
site,S211,1,4,4.079339699055522,4.050438459527498,4.286420808983808,4.325267122299355,4.364113435614902,0.0,0.0,0,0.0,4.079339699055522
site,S212,1,4,3.231489004355425,3.4957502990058744,4.144247734573183,4.225031228999929,4.305814723426677,0.0,0.0,0,0.0,3.231489004355425
site,S213,1,4,4.407589639647272,4.468636236132092,6.38707840936924,6.390855960668791,6.394633511968341,0.5,0.0,0,0.0,4.407589639647272
site,S214,1,4,3.586499278483389,2.8869456500081703,5.212768989605089,5.694042523859542,6.175316058113997,0.25,0.0,0,0.0,3.586499278483389
site,S215,1,4,6.209809489488093,6.091530574632138,8.904274863748073,9.456982308477569,10.009689753207068,0.75,0.25,0,0.0,6.209809489488093
site,S216,1,4,2.449962465688169,2.130248073300593,3.984783778701085,4.210593349441197,4.436402920181311,0.0,0.0,0,0.0,2.449962465688169
site,S217,1,4,5.655984953957118,5.912003076429464,6.3417995438975225,6.364460935685069,6.387122327472615,0.75,0.0,0,0.0,5.655984953957118
site,S218,1,4,3.7336541214346934,3.4771434547845406,6.391713867909517,6.632017525573654,6.872321183237792,0.5,0.0,0,0.0,3.7336541214346934
site,S219,1,4,5.584170512403147,5.355342900112664,6.399856078499953,6.538708534066902,6.67756098963385,0.5,0.0,0,0.0,5.584170512403147
site,S220,1,4,4.985886597248461,4.426674338108832,7.0399893937686375,7.43748976002692,7.834990126285205,0.5,0.0,0,0.0,4.985886597248461
site,S221,1,4,5.651897271820356,3.5252315195407444,11.167028248693391,12.671133506122334,14.175238763551286,0.25,0.25,1,0.02040816326530612,5.651897271820356
site,S222,1,4,2.5167434081887103,2.4267454457728506,3.1609689471815283,3.3123192712963467,3.463669595411166,0.0,0.0,0,0.0,2.5167434081887103
site,S223,1,4,5.047363323181997,5.066702162956785,6.651381472794578,6.652978214236332,6.654574955678085,0.5,0.0,0,0.0,5.047363323181997
site,S224,1,4,1.5271508987601665,1.692757591714738,1.9154685053638894,1.9192862226600824,1.9231039399562755,0.0,0.0,0,0.0,1.5271508987601665
site,S225,1,4,3.5765199645203327,3.3389574728452285,4.760475758024993,5.047445463552736,5.334415169080482,0.25,0.0,0,0.0,3.5765199645203327
site,S226,1,4,3.11007569034564,3.0346667206824467,4.191563509124343,4.37168424125489,4.551804973385437,0.0,0.0,0,0.0,3.11007569034564
site,S227,1,4,8.063134851733395,7.687959784298211,9.089990119233976,9.374666943756853,9.659343768279733,1.0,0.0,0,0.0,8.063134851733395
site,S228,1,4,5.12190413522918,5.325300399148743,5.886353674199071,5.973849008118349,6.061344342037628,0.75,0.0,0,0.0,5.12190413522918
site,S229,1,4,8.486764008568926,9.084546882286354,9.899374109195023,10.04310861234788,10.186843115500738,1.0,0.25,0,0.0,8.486764008568926
site,S230,1,4,4.149131892699393,3.782628100183877,6.273370870670914,6.7873304497083975,7.301290028745885,0.25,0.0,0,0.0,4.149131892699393
site,S231,1,4,7.054226276782054,7.235836868530794,7.64788155654152,7.685617189995458,7.723352823449397,1.0,0.0,0,0.0,7.054226276782054
site,S232,1,4,4.110157316947359,4.161050328804323,6.002891019783638,6.202668060642547,6.402445101501458,0.5,0.0,0,0.0,4.110157316947359
site,S233,1,4,2.263549939276261,2.138675641079641,3.2233524538669456,3.3236949320372897,3.4240374102076347,0.0,0.0,0,0.0,2.263549939276261
site,S234,1,4,3.89795417594701,4.065692009241391,4.187455487688476,4.1980561548004,4.2086568219123235,0.0,0.0,0,0.0,3.89795417594701
site,S235,1,4,5.261173594505326,5.411527088342858,6.34691787468565,6.526345527309556,6.7057731799334634,0.75,0.0,0,0.0,5.261173594505326
site,S236,1,4,8.320891692272331,8.565748201133303,10.263844722549669,10.308856657439138,10.35386859232861,1.0,0.5,1,0.02040816326530612,8.320891692272331
site,S237,1,4,2.925263310640857,2.950411481604621,4.575320598486841,4.775731139873084,4.976141681259327,0.0,0.0,0,0.0,2.925263310640857
site,S238,1,4,2.4970298933837585,2.3448553750681764,3.3629059764017084,3.576555263125406,3.7902045498491046,0.0,0.0,0,0.0,2.4970298933837585
site,S239,1,4,4.285346933349325,3.606260275665454,7.062809107893646,7.560146491796571,8.0574838756995,0.25,0.0,0,0.0,4.285346933349325
site,S240,1,4,4.1739142646170455,4.400838064393409,4.910964753107492,4.98450661119021,5.058048469272928,0.25,0.0,0,0.0,4.1739142646170455
site,S241,1,4,4.607765634226667,4.127238299388791,6.734596598988376,7.094370578111675,7.454144557234975,0.5,0.0,0,0.0,4.607765634226667
site,S242,1,4,3.7750091992984838,4.053339105748459,5.222973087783884,5.262986561055918,5.303000034327953,0.5,0.0,0,0.0,3.7750091992984838
site,S243,1,4,4.649808291096657,4.5063078010868285,5.7497966655290105,5.878884214780188,6.007971764031366,0.5,0.0,0,0.0,4.649808291096657
site,S244,1,4,2.710722843898825,2.633539596136805,3.385966160101253,3.519073358942458,3.652180557783664,0.0,0.0,0,0.0,2.710722843898825
site,S245,1,4,3.5248616171339497,3.9966794597221567,5.18076674825569,5.209421900085005,5.2380770519143205,0.5,0.0,0,0.0,3.5248616171339497
site,S246,1,4,2.967763601267981,2.60374621758584,3.9708844694300307,4.252602046844057,4.534319624258085,0.0,0.0,0,0.0,2.967763601267981
site,S247,1,4,3.9604810365737966,3.810245936573488,5.001296602720255,5.22979669191358,5.458296781106907,0.25,0.0,0,0.0,3.9604810365737966
site,S248,1,4,5.13744258084081,4.993040469927649,6.358461715184498,6.596700961394993,6.83494020760549,0.5,0.0,0,0.0,5.13744258084081
device,SLR,8,323,4.775973425722212,4.163860657052872,7.637095456320709,9.688323047051604,21.374734553677868,0.3746130030959752,0.04643962848297214,13,0.2653061224489796,4.70698692901864
device,ipod,16,643,4.539867920921682,3.807059899319357,8.319299104661377,10.317083754272199,18.76671735080459,0.3328149300155521,0.060653188180404355,36,0.7346938775510204,4.5131690245632585
mode,NP-C,24,236,4.735190337707515,3.926347507762455,8.056315916583035,9.742335568633486,19.00854768766502,0.3940677966101695,0.046610169491525424,10,0.20408163265306123,4.70566027355759
mode,NP-NC,24,237,4.53847148327688,3.8550622793301397,7.402564406096744,10.509120198227546,18.76671735080459,0.32489451476793246,0.05907172995780591,13,0.2653061224489796,4.472871004416455
mode,P-C,24,246,4.5561807802759215,3.870736009087772,8.015325243152848,10.302618079142157,19.568009493023954,0.3252032520325203,0.06910569105691057,14,0.2857142857142857,4.542018586202405
mode,P-NC,24,247,4.647090512054437,3.9636788775555645,8.546795809131778,9.76889208389172,21.374734553677868,0.3441295546558704,0.048582995951417005,12,0.24489795918367346,4.597431872568069
image_type,clinical: close-up,24,237,4.53847148327688,3.8550622793301397,7.402564406096744,10.509120198227546,18.76671735080459,0.32489451476793246,0.05907172995780591,13,0.2653061224489796,4.472871004416455
image_type,dermoscopic,24,729,4.64493381087009,3.913296962591916,8.141413747737715,10.133621479859968,21.374734553677868,0.35390946502057613,0.05486968449931413,36,0.7346938775510204,4.610791841073982
anatomic_site,abdomen,24,92,4.08196137984012,3.5314492038113525,6.290124018892889,7.90191880240768,17.81182398915846,0.21739130434782608,0.043478260869565216,4,0.08163265306122448,4.043047604679969
anatomic_site,dorsal forearm,21,82,4.977632019954514,4.054310801567921,9.199799852042622,10.345517318487216,18.76671735080459,0.36585365853658536,0.08536585365853659,5,0.10204081632653061,4.90318186068877
anatomic_site,head/neck,23,92,4.226266977327574,3.8722103456942705,6.392308065939765,7.227253008331009,10.966016997114005,0.34782608695652173,0.021739130434782608,1,0.02040816326530612,4.226266977327575
anatomic_site,lower back,22,86,4.454235731781998,3.8134190327405766,8.094695534432624,9.600952026248827,13.479114769899834,0.38372093023255816,0.03488372093023256,2,0.04081632653061224,4.461817288481744
anatomic_site,lower leg,24,178,4.501796892066718,3.8537153604411656,8.38858071173627,10.058333310335797,16.380900567573512,0.33146067415730335,0.056179775280898875,9,0.1836734693877551,4.457843197543366
anatomic_site,palms/soles,22,86,6.669487159353085,5.138746923994013,13.396686657889923,16.533313711689196,21.374734553677868,0.5348837209302325,0.19767441860465115,17,0.3469387755102041,6.619419731865989
anatomic_site,upper back,23,90,4.198285322023601,3.589371663577085,6.452355041241517,7.84256784626002,13.523440844783044,0.32222222222222224,0.022222222222222223,2,0.04081632653061224,4.1659896655917406
anatomic_site,upper chest,24,95,4.655393223592327,4.2708938588241105,8.157338632083674,9.449635447838846,14.678146463868393,0.3157894736842105,0.042105263157894736,4,0.08163265306122448,4.635535099985175
anatomic_site,ventral forearm,23,165,4.310203663735332,3.663336190821648,7.034309389885822,9.044123418780478,14.43890674763971,0.3393939393939394,0.030303030303030304,5,0.10204081632653061,4.303999612914991
target_L_bins,"[20,30)",2,16,10.22033707982115,10.751249538530228,16.91379364566084,17.53797104010074,17.81182398915846,0.9375,0.5625,9,0.1836734693877551,8.889377354244635
target_L_bins,"[30,40)",5,95,6.393902009558207,5.308193406716553,11.648920884934023,14.225811995240711,18.76671735080459,0.5578947368421052,0.16842105263157894,15,0.30612244897959184,5.6396564108874285
target_L_bins,"[40,50)",12,178,4.65470890252241,3.96578023925303,7.4422601367198675,9.329490938523422,21.374734553677868,0.3595505617977528,0.0449438202247191,7,0.14285714285714285,4.6155716797195545
target_L_bins,"[50,60)",17,266,4.3539077945564255,3.750321494222552,7.211556443752583,9.257002657412633,16.933264830525516,0.29699248120300753,0.041353383458646614,10,0.20408163265306123,4.688746747980953
target_L_bins,"[60,70)",15,315,4.043402627629902,3.64007140535104,7.315786570584595,8.283442266420188,13.19279152175113,0.2761904761904762,0.025396825396825397,6,0.12244897959183673,4.402308600450544
target_L_bins,"[70,80)",9,96,4.484155414284692,4.055647773791225,7.027434061039818,8.264905978144753,13.479114769899834,0.3854166666666667,0.020833333333333332,2,0.04081632653061224,3.993623974007082
observed_brightness_bins,"[0.0,0.2]",1,10,4.447877760686206,4.4259278475780155,6.293213525190718,6.32795015549636,6.362686785802003,0.4,0.0,0,0.0,4.447877760686206
observed_brightness_bins,"[0.2,0.4]",8,91,4.143938619645322,3.879807556205152,6.671496624898138,7.2497024613792105,9.691542966915145,0.32967032967032966,0.0,0,0.0,4.098100788825648
observed_brightness_bins,"[0.4,0.6]",21,238,5.698033489008042,4.928211157732987,10.585699276495113,13.655526260768763,19.00854768766502,0.48739495798319327,0.12605042016806722,29,0.5918367346938775,5.314041327914695
observed_brightness_bins,"[0.6,0.8]",24,590,4.172672318490712,3.6562554304796,7.229582340867216,9.101920108241986,21.374734553677868,0.2847457627118644,0.03220338983050847,16,0.32653061224489793,5.122000754258507
observed_brightness_bins,"[0.8,1.0]",7,37,6.005098901970145,4.948435259753412,10.456448547738171,14.743300901639616,19.568009493023954,0.4594594594594595,0.13513513513513514,4,0.08163265306122448,6.578851736378412
original_clip_proxy_bins,"(.01,.05]",14,91,7.16804861850915,5.64424590245083,13.631696889609639,15.529523515720953,18.76671735080459,0.6043956043956044,0.27472527472527475,22,0.4489795918367347,5.136530208404208
original_clip_proxy_bins,"(0,.01]",24,786,4.406349101846215,3.8487305999362595,7.445655685438469,9.348136589241923,21.374734553677868,0.3282442748091603,0.035623409669211195,26,0.5306122448979592,4.575871363733236
original_clip_proxy_bins,0,18,82,3.719262365581082,3.1329522640639764,6.675262386238273,7.778538726041618,9.313352381147364,0.23170731707317074,0.0,0,0.0,3.920054276040664
original_clip_proxy_bins,>.05,2,7,5.873165335401405,4.958807847704468,9.404222033985398,11.80001597670177,14.195809919418156,0.42857142857142855,0.14285714285714285,1,0.02040816326530612,9.340933912075052
device_x_mode,SLR | NP-C,8,77,5.232108752464966,4.781632033971445,8.048793954986756,9.770677352377295,19.00854768766502,0.45454545454545453,0.05194805194805195,4,0.08163265306122448,5.075450744114015
device_x_mode,SLR | NP-NC,8,77,4.0033409663065695,3.4894743131805077,6.728242922323003,7.42648116694712,15.333460355180232,0.2987012987012987,0.012987012987012988,1,0.02040816326530612,3.9431445093805992
device_x_mode,SLR | P-C,8,84,5.332156615333976,4.628576111733061,8.857816844508761,10.338320961023054,19.568009493023954,0.4166666666666667,0.08333333333333333,5,0.10204081632653061,5.310474632788759
device_x_mode,SLR | P-NC,8,85,4.513042734997787,3.8748928351626466,7.329444204194478,9.226542745771193,21.374734553677868,0.32941176470588235,0.03529411764705882,3,0.061224489795918366,4.509580949205159
device_x_mode,ipod | NP-C,16,159,4.494544312950762,3.716888074598591,8.154080810051154,9.44648760729091,13.790559364003824,0.36477987421383645,0.0440251572327044,6,0.12244897959183673,4.520765038279377
device_x_mode,ipod | NP-NC,16,160,4.796003044568842,4.000871932135678,8.420970255208948,13.528853647024372,18.76671735080459,0.3375,0.08125,12,0.24489795918367346,4.737734251934384
device_x_mode,ipod | P-C,16,162,4.153822939875448,3.4627854147031933,7.587727914164664,10.243985277098203,13.385738018387315,0.2777777777777778,0.06172839506172839,9,0.1836734693877551,4.157790562909227
device_x_mode,ipod | P-NC,16,162,4.717424222238479,4.109526020200162,8.871623131151008,10.256317486119244,17.446686723748165,0.35185185185185186,0.05555555555555555,9,0.1836734693877551,4.641357334249524
device_x_image_type,SLR | clinical: close-up,8,77,4.0033409663065695,3.4894743131805077,6.728242922323003,7.42648116694712,15.333460355180232,0.2987012987012987,0.012987012987012988,1,0.02040816326530612,3.9431445093805992
device_x_image_type,SLR | dermoscopic,8,246,5.017813667084018,4.413027514749226,8.049742642298426,10.046601886399888,21.374734553677868,0.3983739837398374,0.056910569105691054,12,0.24489795918367346,4.957133901999395
device_x_image_type,ipod | clinical: close-up,16,160,4.796003044568842,4.000871932135678,8.420970255208948,13.528853647024372,18.76671735080459,0.3375,0.08125,12,0.24489795918367346,4.737734251934384
device_x_image_type,ipod | dermoscopic,16,483,4.455019846835667,3.7672580939150286,8.19750930592632,10.169127779271367,17.446686723748165,0.33126293995859213,0.053830227743271224,24,0.4897959183673469,4.437620810611275
