role,variants,lr,step,baseline_alias,selected_per_mode,selected_overall,person_mean,p90,largest_dose_worst_error,parameters,numeric_bytes,cached_array_bytes,archive_bytes_min,archive_bytes_max,cpu_median_us,worst_seed_p95_us
mixed,0,0.0001,0,True,False,False,5.77053993205947,11.479577418419531,27.030084547028963,643,2886,5456,4831,4844,6.3,8.925
mixed,0,0.0001,512,False,False,False,5.709879375532791,11.436976094614323,27.112797403762485,643,2886,5456,4833,4839,6.3,6.425000000000001
mixed,0,0.0001,2048,False,True,True,5.71611264811962,11.447206972500467,26.952345417420407,643,2886,5456,4829,4838,6.3,6.4
mixed,0,0.0001,8192,False,False,False,5.674059337267131,11.5122196020686,26.480822078180747,643,2886,5456,4829,4830,6.3,6.6
mixed,0,0.0001,32768,False,False,False,5.585071818570788,11.152177021088237,25.51106638791002,643,2886,5456,4832,4839,6.4,6.6
mixed,0,0.0001,131072,False,False,False,5.559962162236746,11.057107345657613,25.341196548332192,643,2886,5456,4832,4838,6.4,6.6
mixed,0,0.0003,0,True,False,False,5.77053993205947,11.479577418419531,27.030084547028963,643,2886,5456,4831,4844,6.3,6.5
mixed,0,0.0003,512,False,False,False,5.697905965991628,11.454548570553515,27.101234455142784,643,2886,5456,4830,4843,6.3,6.4
mixed,0,0.0003,2048,False,False,False,5.691348949723419,11.365128946412375,26.640371170209278,643,2886,5456,4835,4846,6.3,6.5
mixed,0,0.0003,8192,False,False,False,5.622781860785377,11.180381781101397,25.593917507931767,643,2886,5456,4824,4838,6.3,6.6
mixed,0,0.0003,32768,False,False,False,5.484295724949554,10.834292443556848,25.1963992556411,643,2886,5456,4831,4841,6.4,6.6
mixed,0,0.0003,131072,False,False,False,5.48847083462914,10.724792055923322,26.018687855490153,643,2886,5456,4835,4837,6.4,6.6
mixed,16,0.0001,0,True,False,False,5.77053993205947,11.479577418419531,27.030084547028963,643,2886,5456,4831,4844,6.3,6.4
mixed,16,0.0001,512,False,False,False,5.707533232264544,11.40149127793506,27.057656091610582,643,2886,5456,4829,4843,6.3,6.5
mixed,16,0.0001,2048,False,True,False,5.718190809221244,11.426432584405196,26.869927423409646,643,2886,5456,4832,4843,6.3,6.5
mixed,16,0.0001,8192,False,False,False,5.6737763745770975,11.481038698978658,26.379626064271505,643,2886,5456,4835,4841,6.3,6.6
mixed,16,0.0001,32768,False,False,False,5.591152312448217,11.105760481677528,25.517229359342114,643,2886,5456,4832,4836,6.4,6.6
mixed,16,0.0001,131072,False,False,False,5.552631317778583,11.08374106344485,25.612778397622293,643,2886,5456,4830,4844,6.4,6.6
mixed,16,0.0003,0,True,False,False,5.77053993205947,11.479577418419531,27.030084547028963,643,2886,5456,4831,4844,6.3,6.5
mixed,16,0.0003,512,False,False,False,5.6921386476963685,11.425471909888353,27.03056077514118,643,2886,5456,4826,4838,6.3,6.4
mixed,16,0.0003,2048,False,False,False,5.695027024053807,11.297464699183378,26.546806118010807,643,2886,5456,4830,4836,6.3,6.4
mixed,16,0.0003,8192,False,False,False,5.626885491850291,11.118461435730405,25.61641025662297,643,2886,5456,4832,4841,6.3,6.5
mixed,16,0.0003,32768,False,False,False,5.476214204158265,10.866194299776886,25.494477212711985,643,2886,5456,4830,4835,6.4,6.6
mixed,16,0.0003,131072,False,False,False,5.466209307904911,10.570909704791235,25.87243077078163,643,2886,5456,4833,4838,6.4,6.725
mixed,256,0.0001,0,True,False,False,5.77053993205947,11.479577418419531,27.030084547028963,643,2886,5456,4831,4844,6.3,6.5
mixed,256,0.0001,512,False,False,False,5.709368512092383,11.409596329391023,27.046372034110508,643,2886,5456,4835,4842,6.3,6.5
mixed,256,0.0001,2048,False,False,False,5.715517421935087,11.428824813824201,26.875150865847143,643,2886,5456,4826,4837,6.3,6.4
mixed,256,0.0001,8192,False,False,False,5.673228702205743,11.498929645302681,26.38769700749317,643,2886,5456,4821,4837,6.3,6.6
mixed,256,0.0001,32768,False,False,False,5.594440602198486,11.117670689283472,25.396527320332257,643,2886,5456,4830,4836,6.4,6.6
mixed,256,0.0001,131072,False,False,False,5.558303485119482,11.060375496480715,25.21437527984928,643,2886,5456,4822,4834,6.4,6.6
mixed,256,0.0003,0,True,False,False,5.77053993205947,11.479577418419531,27.030084547028963,643,2886,5456,4831,4844,6.3,6.5
mixed,256,0.0003,512,False,False,False,5.694664409430936,11.43134326816844,27.009881692022216,643,2886,5456,4828,4846,6.3,6.4
mixed,256,0.0003,2048,False,True,False,5.693595863165829,11.34406451362574,26.557578265028194,643,2886,5456,4832,4848,6.3,6.4
mixed,256,0.0003,8192,False,False,False,5.626294892039565,11.139569454432703,25.494075936710917,643,2886,5456,4830,4837,6.4,6.6
mixed,256,0.0003,32768,False,False,False,5.484600056935903,10.80670313005045,25.258544916576586,643,2886,5456,4833,4844,6.4,6.6
mixed,256,0.0003,131072,False,False,False,5.461950143353591,10.669507241321147,25.9972592133214,643,2886,5456,4834,4842,6.5,6.6
slr_to_ipod,0,0.0001,0,True,True,True,8.294345706277712,13.9121021278158,22.446255042196885,643,2886,5456,4837,4839,6.4,6.6
slr_to_ipod,0,0.0001,512,False,False,False,8.279889492696826,13.839109748491332,22.631469011543846,643,2886,5456,4829,4833,6.5,11.3
slr_to_ipod,0,0.0001,2048,False,False,False,8.280414881794805,13.782675447560251,22.90320651529686,643,2886,5456,4826,4836,6.4,6.6
slr_to_ipod,0,0.0001,8192,False,False,False,8.341302372248625,13.829617570831724,23.976625937132525,643,2886,5456,4823,4838,6.4,6.6
slr_to_ipod,0,0.0001,32768,False,False,False,8.598441245639123,13.935242471694508,25.905972913746577,643,2886,5456,4832,4835,6.4,6.6
slr_to_ipod,0,0.0001,131072,False,False,False,8.657931035632217,13.877996892704795,26.23433246340402,643,2886,5456,4832,4835,6.4,6.6
slr_to_ipod,0,0.0003,0,True,False,False,8.294345706277712,13.9121021278158,22.446255042196885,643,2886,5456,4837,4839,6.4,6.7
slr_to_ipod,0,0.0003,512,False,False,False,8.299650579752255,13.856674084023718,22.81650234835128,643,2886,5456,4828,4835,6.4,10.8
slr_to_ipod,0,0.0003,2048,False,False,False,8.292448796983786,13.725317791591669,23.64315491863408,643,2886,5456,4827,4835,6.4,6.6
slr_to_ipod,0,0.0003,8192,False,False,False,8.453526622777465,13.8274117509404,25.47626621652181,643,2886,5456,4829,4836,6.4,6.6
slr_to_ipod,0,0.0003,32768,False,False,False,8.75408723381004,14.047206115339813,26.092915760676075,643,2886,5456,4822,4835,6.4,8.319999999999983
slr_to_ipod,0,0.0003,131072,False,False,False,8.924310709370745,14.231350500234901,26.78124904215568,643,2886,5456,4831,4840,6.4,6.6
slr_to_ipod,16,0.0001,0,True,True,False,8.294345706277712,13.9121021278158,22.446255042196885,643,2886,5456,4837,4839,6.4,6.6
slr_to_ipod,16,0.0001,512,False,False,False,8.293633554553308,13.868787837394235,22.616627813725177,643,2886,5456,4820,4842,6.4,6.6
slr_to_ipod,16,0.0001,2048,False,False,False,8.295410893175912,13.812071272614704,22.875629574795454,643,2886,5456,4827,4832,6.4,6.6
slr_to_ipod,16,0.0001,8192,False,False,False,8.371286186232828,13.89588618575506,23.920917974056767,643,2886,5456,4826,4832,6.4,6.6
slr_to_ipod,16,0.0001,32768,False,False,False,8.60037349196103,14.024942100641596,26.138284220334555,643,2886,5456,4825,4831,6.3,7.259999999999991
slr_to_ipod,16,0.0001,131072,False,False,False,8.724216976978026,13.923252506332167,26.228529127391692,643,2886,5456,4825,4836,6.4,6.6
slr_to_ipod,16,0.0003,0,True,False,False,8.294345706277712,13.9121021278158,22.446255042196885,643,2886,5456,4837,4839,6.4,6.6
slr_to_ipod,16,0.0003,512,False,False,False,8.313159197033306,13.884355251927156,22.79494721995205,643,2886,5456,4828,4830,6.4,8.15999999999999
slr_to_ipod,16,0.0003,2048,False,False,False,8.318336856914819,13.780333796686788,23.63001480888514,643,2886,5456,4829,4831,6.4,6.6
slr_to_ipod,16,0.0003,8192,False,False,False,8.528433749279042,13.951308577632531,25.446214571679025,643,2886,5456,4828,4836,6.4,6.6
slr_to_ipod,16,0.0003,32768,False,False,False,8.821145435129182,13.798070170484332,26.341784517358715,643,2886,5456,4824,4837,6.4,9.7
slr_to_ipod,16,0.0003,131072,False,False,False,9.27539246781017,14.6772716149664,27.21660131130324,643,2886,5456,4829,4832,6.4,6.6
slr_to_ipod,256,0.0001,0,True,True,False,8.294345706277712,13.9121021278158,22.446255042196885,643,2886,5456,4837,4839,6.4,6.6
slr_to_ipod,256,0.0001,512,False,False,False,8.290712164088971,13.863513917199148,22.618266747220673,643,2886,5456,4821,4841,6.4,6.6
slr_to_ipod,256,0.0001,2048,False,False,False,8.29540900141665,13.808533403381169,22.869124021429084,643,2886,5456,4830,4838,6.4,6.7
slr_to_ipod,256,0.0001,8192,False,False,False,8.370420063759907,13.901991579874588,23.93646732838633,643,2886,5456,4826,4837,6.4,6.6
slr_to_ipod,256,0.0001,32768,False,False,False,8.604789689555995,14.00731825013773,26.076533700686998,643,2886,5456,4829,4833,6.4,10.3
slr_to_ipod,256,0.0001,131072,False,False,False,8.708197929009229,13.861448544723467,26.176824275566613,643,2886,5456,4826,4838,6.4,6.6
slr_to_ipod,256,0.0003,0,True,False,False,8.294345706277712,13.9121021278158,22.446255042196885,643,2886,5456,4837,4839,6.4,6.6
slr_to_ipod,256,0.0003,512,False,False,False,8.313072106306096,13.88746963614517,22.79419749657052,643,2886,5456,4831,4837,6.4,9.5
slr_to_ipod,256,0.0003,2048,False,False,False,8.325773234104753,13.797019407910001,23.60883392826317,643,2886,5456,4830,4831,6.4,11.6
slr_to_ipod,256,0.0003,8192,False,False,False,8.534006736478798,13.977009998154779,25.464189139331623,643,2886,5456,4836,4840,6.4,6.6
slr_to_ipod,256,0.0003,32768,False,False,False,8.819435660511223,13.815091169073144,26.44516468247254,643,2886,5456,4834,4840,6.4,6.6
slr_to_ipod,256,0.0003,131072,False,False,False,9.120024434880252,14.486631125351451,27.068673360388363,643,2886,5456,4826,4837,6.4,6.6
ipod_to_slr,0,0.0001,0,True,False,False,8.589532145810503,14.415074124320675,34.89329049956158,643,2886,5456,4842,4850,6.4,6.6
ipod_to_slr,0,0.0001,512,False,False,False,8.635219819228459,14.748556792490676,34.849895856276724,643,2886,5456,4839,4849,6.4,9.15999999999999
ipod_to_slr,0,0.0001,2048,False,True,True,8.68347070506455,14.969902489511574,35.3111356224255,643,2886,5456,4836,4846,6.5,8.55999999999999
ipod_to_slr,0,0.0001,8192,False,False,False,8.579230304805202,14.946673755945005,36.25851601556762,643,2886,5456,4838,4845,6.4,6.6
ipod_to_slr,0,0.0001,32768,False,False,False,8.849871098618372,15.591550548250561,36.694697715229154,643,2886,5456,4830,4839,6.4,6.6
ipod_to_slr,0,0.0001,131072,False,False,False,8.897515618318069,15.737365958882343,35.97015152037516,643,2886,5456,4832,4837,6.4,6.6
ipod_to_slr,0,0.0003,0,True,False,False,8.589532145810503,14.415074124320675,34.89329049956158,643,2886,5456,4842,4850,6.4,6.6
ipod_to_slr,0,0.0003,512,False,False,False,8.694847794461317,15.069300517117535,35.080873334202856,643,2886,5456,4842,4847,6.4,6.6
ipod_to_slr,0,0.0003,2048,False,False,False,8.564811463602682,14.830274132159724,36.08040823347564,643,2886,5456,4834,4850,6.4,11.3
ipod_to_slr,0,0.0003,8192,False,False,False,8.91730552781881,15.93820472519944,36.86872968851306,643,2886,5456,4828,4841,6.4,6.6
ipod_to_slr,0,0.0003,32768,False,False,False,9.088834538556188,16.216690940136356,36.0843864865783,643,2886,5456,4829,4837,6.4,6.6
ipod_to_slr,0,0.0003,131072,False,False,False,9.197931771195229,16.106236522060914,35.90859770403616,643,2886,5456,4833,4853,6.4,6.6
ipod_to_slr,16,0.0001,0,True,False,False,8.589532145810503,14.415074124320675,34.89329049956158,643,2886,5456,4842,4850,6.5,6.6
ipod_to_slr,16,0.0001,512,False,False,False,8.551878435490279,14.58360830675656,34.72190287720188,643,2886,5456,4837,4841,6.4,6.8
ipod_to_slr,16,0.0001,2048,False,True,False,8.606493731393126,14.753614473806989,35.1273628996863,643,2886,5456,4837,4845,6.4,10.5
ipod_to_slr,16,0.0001,8192,False,False,False,8.504956137608364,14.628735569142998,35.980061557075935,643,2886,5456,4843,4850,6.4,6.6
ipod_to_slr,16,0.0001,32768,False,False,False,8.760823224040985,15.30103717159649,36.52098209993355,643,2886,5456,4837,4840,6.4,6.6
ipod_to_slr,16,0.0001,131072,False,False,False,9.060979397515299,16.330563392125935,36.1930977056472,643,2886,5456,4835,4842,6.4,6.6
ipod_to_slr,16,0.0003,0,True,False,False,8.589532145810503,14.415074124320675,34.89329049956158,643,2886,5456,4842,4850,6.4,6.6
ipod_to_slr,16,0.0003,512,False,False,False,8.600576601269976,14.810167235583341,34.91439893431426,643,2886,5456,4833,4845,6.4,9.3
ipod_to_slr,16,0.0003,2048,False,False,False,8.500412970701536,14.686020436101956,35.903043624569214,643,2886,5456,4836,4848,6.4,6.7
ipod_to_slr,16,0.0003,8192,False,False,False,8.78519073964425,15.430097493349416,36.60713719294138,643,2886,5456,4836,4839,6.5,6.6
ipod_to_slr,16,0.0003,32768,False,False,False,9.198241386492514,16.32889652339989,36.17417082839946,643,2886,5456,4827,4840,6.4,6.6
ipod_to_slr,16,0.0003,131072,False,False,False,9.282975689071245,16.44821822610408,36.50617819462366,643,2886,5456,4830,4843,6.5,6.6
ipod_to_slr,256,0.0001,0,True,False,False,8.589532145810503,14.415074124320675,34.89329049956158,643,2886,5456,4842,4850,6.4,6.6
ipod_to_slr,256,0.0001,512,False,False,False,8.557795991419221,14.573561711797877,34.71889237774448,643,2886,5456,4838,4850,6.4,6.6
ipod_to_slr,256,0.0001,2048,False,True,False,8.622579990291802,14.782069822761528,35.14950213321481,643,2886,5456,4834,4844,6.4,6.6
ipod_to_slr,256,0.0001,8192,False,False,False,8.50360162895876,14.651802549759125,36.03104653103923,643,2886,5456,4837,4850,6.4,6.6
ipod_to_slr,256,0.0001,32768,False,False,False,8.83353610352547,15.556657478935234,36.471318068902264,643,2886,5456,4839,4845,6.5,6.6
ipod_to_slr,256,0.0001,131072,False,False,False,8.773520744955762,15.623657930828779,35.86488091825284,643,2886,5456,4831,4843,6.4,6.6
ipod_to_slr,256,0.0003,0,True,False,False,8.589532145810503,14.415074124320675,34.89329049956158,643,2886,5456,4842,4850,6.4,6.6
ipod_to_slr,256,0.0003,512,False,False,False,8.637079904502983,14.922360884430923,34.93249074156132,643,2886,5456,4829,4847,6.4,6.6
ipod_to_slr,256,0.0003,2048,False,False,False,8.529741411432928,14.742880501291573,35.931529660112886,643,2886,5456,4837,4849,6.4,9.619999999999981
ipod_to_slr,256,0.0003,8192,False,False,False,8.802944607237928,15.508211681415082,36.6855618153434,643,2886,5456,4836,4841,6.4,6.6
ipod_to_slr,256,0.0003,32768,False,False,False,9.098379049597478,16.238847700428963,35.88465253446092,643,2886,5456,4830,4837,6.4,6.6
ipod_to_slr,256,0.0003,131072,False,False,False,9.133199317418546,16.012082486770222,35.675362437544926,643,2886,5456,4840,4846,6.4,8.019999999999982
