model,partition,objective,file,source_index,length,gradient_norm,max_first_order_remainder,max_first_order_magnitude,other_groups_objective_increased_fraction,objective_change_image_mean,color_mse_change_image_mean,skin_delta_e00_change_image_mean,own_objective_change
mixed__image__s17,person,color,person__color__g0__h0.0001.npz,0,0.0001,1.4308903384716611,2.948674753462427e-07,0.0001472217907915785,0.30434782608695654,-1.9231798262354126e-05,-1.9231798262354126e-05,-0.0001396974385262521,-0.00014299141920093221
mixed__image__s17,person,color,person__color__g0__h0.001.npz,0,0.001,1.4308903384716611,2.9764915398279145e-05,0.001472217907915785,0.30434782608695654,-0.00018186473714701122,-0.0001818647371470112,-0.0013012168349445267,-0.0014211505748571575
mixed__image__s17,person,color,person__color__g12__h0.0001.npz,12,0.0001,0.9893712925905729,1.513906561248187e-06,0.00043681972835017907,0.43478260869565216,-4.9521885146341466e-05,-4.9521885146341466e-05,-0.0002793412209905209,-9.844887379782875e-05
mixed__image__s17,person,color,person__color__g12__h0.001.npz,12,0.001,0.9893712925905729,0.0001520481082831638,0.0043681972835017905,0.43478260869565216,-0.0004376959159134245,-0.00043769591591342447,-0.002308375380244257,-0.0009404437160890869
mixed__image__s17,person,color,person__color__g23__h0.0001.npz,23,0.0001,1.8152768579254723,1.3976051074242237e-06,0.0005466467192407852,0.6086956521739131,6.318934237631795e-05,6.318934237631796e-05,0.0004551610623719291,-0.00018071389113735744
mixed__image__s17,person,color,person__color__g23__h0.001.npz,23,0.001,1.8152768579254723,0.00013937336427179928,0.005466467192407852,0.6521739130434783,0.0006740025773029192,0.0006740025773029193,0.004822016152242064,-0.0017341693614080513
mixed__image__s17,person,joint,person__joint__g0__h0.0001.npz,0,0.0001,1.4053610207648466,4.487522620562833e-07,0.00023023237109719093,0.34782608695652173,-2.891956046114119e-05,-2.8729149670896698e-05,-0.00021750115724427347,-0.00014043971528960564
mixed__image__s17,person,joint,person__joint__g0__h0.001.npz,0,0.001,1.4053610207648466,4.503440049649296e-05,0.0023023237109719096,0.391304347826087,-0.0002736662209508428,-0.00027252819916229014,-0.00203916624600076,-0.0013957459429998031
mixed__image__s17,person,joint,person__joint__g12__h0.0001.npz,12,0.0001,0.8881628694632998,1.3481424300504211e-06,0.0004657414722276226,0.391304347826087,-5.717981506757104e-05,-5.561191449927549e-05,-0.00033046735537707865,-8.832438405858683e-05
mixed__image__s17,person,joint,person__joint__g12__h0.001.npz,12,0.001,0.8881628694632998,0.00013503619922604002,0.004657414722276226,0.4782608695652174,-0.0005151777332870279,-0.000500215082154282,-0.0028473116351920577,-0.0008388660401036001
mixed__image__s17,person,joint,person__joint__g23__h0.0001.npz,23,0.0001,1.8130660241105605,1.3194193609411065e-06,0.000518936561047541,0.5652173913043478,6.223481586391923e-05,6.039633797173807e-05,0.000441539012012733,-0.00018054872614556896
mixed__image__s17,person,joint,person__joint__g23__h0.001.npz,23,0.001,1.8130660241105605,0.0001312100262066268,0.00518936561047541,0.6521739130434783,0.0006625181003630632,0.0006430028450542018,0.004662470177439858,-0.0017375074552369112
mixed__image__s17,shuffle51871,color,shuffle51871__color__g0__h0.0001.npz,0,0.0001,1.4345698540786442,1.0996018253109227e-06,0.0002836988996253902,0.782608695652174,7.723233341565898e-05,7.723233341565898e-05,0.0005268507667280795,-0.00014282001661085854
mixed__image__s17,shuffle51871,color,shuffle51871__color__g0__h0.001.npz,0,0.001,1.4345698540786442,0.00010970760318885527,0.0028369889962539026,0.8260869565217391,0.0008378512582131825,0.0008378512582131825,0.005766928464059327,-0.0013711785002244832
mixed__image__s17,shuffle51871,color,shuffle51871__color__g12__h0.0001.npz,12,0.0001,1.2259958986210875,1.5510311511419001e-06,0.00036950358355550896,0.30434782608695654,-8.420029158991678e-05,-8.420029158991678e-05,-0.0005131540978889435,-0.00012134266326435811
mixed__image__s17,shuffle51871,color,shuffle51871__color__g12__h0.001.npz,12,0.001,1.2259958986210875,0.0001557169509883901,0.0036950358355550893,0.391304347826087,-0.0007448231295872714,-0.0007448231295872714,-0.004356555884604315,-0.0010996410685568385
mixed__image__s17,shuffle51871,color,shuffle51871__color__g23__h0.0001.npz,23,0.0001,1.9774648952392397,1.2963250123229113e-06,0.00036629147975658855,0.34782608695652173,-7.803342203695104e-05,-7.803342203695106e-05,-0.00043092902379195775,-0.0001968222697993082
mixed__image__s17,shuffle51871,color,shuffle51871__color__g23__h0.001.npz,23,0.001,1.9774648952392397,0.00013004871121886528,0.0036629147975658855,0.391304347826087,-0.0006972057332575236,-0.0006972057332575236,-0.003655432394071142,-0.001884689972288728
mixed__image__s17,shuffle51871,joint,shuffle51871__joint__g0__h0.0001.npz,0,0.0001,1.4366809092377735,1.139099756292542e-06,0.00029084949413836844,0.782608695652174,7.905993285786905e-05,7.698775862083237e-05,0.0005201096323804286,-0.00014300137710720773
mixed__image__s17,shuffle51871,joint,shuffle51871__joint__g0__h0.001.npz,0,0.001,1.4366809092377735,0.0001135932986036024,0.002908494941383684,0.8260869565217391,0.0008590080043919025,0.0008373464083650935,0.005732951575245009,-0.0013703188537873877
mixed__image__s17,shuffle51871,joint,shuffle51871__joint__g12__h0.0001.npz,12,0.0001,1.2709487334711462,1.5410442309231142e-06,0.00036888725217167946,0.34782608695652173,-8.663777876438901e-05,-8.461294034080404e-05,-0.0005222215038437916,-0.00012585056718043673
mixed__image__s17,shuffle51871,joint,shuffle51871__joint__g12__h0.001.npz,12,0.001,1.2709487334711462,0.00015471474281813661,0.0036888725217167945,0.391304347826087,-0.0007705883466423072,-0.0007514447456766386,-0.004478215912099104,-0.0011458090581455437
mixed__image__s17,shuffle51871,joint,shuffle51871__joint__g23__h0.0001.npz,23,0.0001,1.9529314043242567,1.414105170553246e-06,0.0003847432258906395,0.34782608695652173,-8.177258728187358e-05,-8.035504687532224e-05,-0.0004428938711804257,-0.0001942787988351245
mixed__image__s17,shuffle51871,joint,shuffle51871__joint__g23__h0.001.npz,23,0.001,1.9529314043242567,0.00014187758248534533,0.0038474322589063955,0.391304347826087,-0.0007268132739715789,-0.0007136796981476009,-0.0037147875526613245,-0.001851130178231077
mixed__image__s17,shuffle51872,color,shuffle51872__color__g0__h0.0001.npz,0,0.0001,1.3794365879252006,9.522077522971367e-07,0.00035984842342060664,0.13043478260869565,-7.564692818268504e-05,-7.564692818268502e-05,-0.0005206328933533547,-0.00013744486044469184
mixed__image__s17,shuffle51872,color,shuffle51872__color__g0__h0.001.npz,0,0.001,1.3794365879252006,9.577508983622481e-05,0.0035984842342060663,0.2608695652173913,-0.0006925196691300738,-0.0006925196691300737,-0.004714824681285727,-0.0013291330220595596
mixed__image__s17,shuffle51872,color,shuffle51872__color__g12__h0.0001.npz,12,0.0001,1.122100909572295,1.15436020524284e-06,0.00033189587129563646,0.34782608695652173,-6.675251088929113e-05,-6.675251088929113e-05,-0.000397164894377229,-0.00011140787546564048
mixed__image__s17,shuffle51872,color,shuffle51872__color__g12__h0.001.npz,12,0.001,1.122100909572295,0.00011588310486151747,0.0033189587129563644,0.391304347826087,-0.0005908013671763891,-0.0005908013671763891,-0.0033068557016254878,-0.0010416786864505844
mixed__image__s17,shuffle51872,color,shuffle51872__color__g23__h0.0001.npz,23,0.0001,0.9081592412353838,5.564720567593497e-07,0.00014627054205492294,0.6956521739130435,2.7420370197534606e-05,2.7420370197534606e-05,6.971005542423895e-05,-9.04300834329699e-05
mixed__image__s17,shuffle51872,color,shuffle51872__color__g23__h0.001.npz,23,0.001,0.9081592412353838,5.5601620639618215e-05,0.0014627054205492292,0.6956521739130435,0.00030895570903882686,0.00030895570903882686,0.000988066702039338,-0.0008694785911589394
mixed__image__s17,shuffle51872,joint,shuffle51872__joint__g0__h0.0001.npz,0,0.0001,1.288626781919223,8.709067282086939e-07,0.00034550059480902435,0.13043478260869565,-7.410178168119411e-05,-7.223278758660079e-05,-0.0005053717545609293,-0.00012842292684057027
mixed__image__s17,shuffle51872,joint,shuffle51872__joint__g0__h0.001.npz,0,0.001,1.288626781919223,8.751970484099838e-05,0.0034550059480902436,0.21739130434782608,-0.0006832264459599308,-0.0006652175532606752,-0.004618258211004993,-0.0012441639942984842
mixed__image__s17,shuffle51872,joint,shuffle51872__joint__g12__h0.0001.npz,12,0.0001,1.161152069002425,1.273221830860226e-06,0.00036980857198136435,0.34782608695652173,-7.357699125833364e-05,-7.213848032207849e-05,-0.0004337249136100577,-0.00011523375564043862
mixed__image__s17,shuffle51872,joint,shuffle51872__joint__g12__h0.001.npz,12,0.001,1.161152069002425,0.0001278961637925062,0.003698085719813644,0.391304347826087,-0.0006499847677018858,-0.0006371279569954692,-0.003618788638111019,-0.0010727581761299388
mixed__image__s17,shuffle51872,joint,shuffle51872__joint__g23__h0.0001.npz,23,0.0001,0.7755728002239822,4.3063160898656897e-07,0.00011850066041151293,0.6521739130434783,2.0335250429948894e-05,1.952748596771313e-05,1.8415800444897046e-05,-7.725523649338918e-05
mixed__image__s17,shuffle51872,joint,shuffle51872__joint__g23__h0.001.npz,23,0.001,0.7755728002239822,4.303429831532368e-05,0.0011850066041151292,0.6956521739130435,0.0002305418312403863,0.00022078346543561006,0.0003952475902231397,-0.0007452669536571813
mixed__image__s17,shuffle51873,color,shuffle51873__color__g0__h0.0001.npz,0,0.0001,1.4248147732065597,1.3466870444239808e-06,0.00030481990160284036,0.8260869565217391,6.821036063238416e-05,6.821036063238417e-05,0.00035152189553501137,-0.00014168513027996708
mixed__image__s17,shuffle51873,color,shuffle51873__color__g0__h0.001.npz,0,0.001,1.4248147732065597,0.0001342635525383751,0.003048199016028403,0.8695652173913043,0.0007631489080551832,0.0007631489080551832,0.004209355115322686,-0.0013452906552632795
mixed__image__s17,shuffle51873,color,shuffle51873__color__g12__h0.0001.npz,12,0.0001,1.296175653103491,1.3936004933865434e-06,0.00031865852010346804,0.17391304347826086,-8.478297278837657e-05,-8.478297278837659e-05,-0.0005546527692207928,-0.0001286186894472324
mixed__image__s17,shuffle51873,color,shuffle51873__color__g12__h0.001.npz,12,0.001,1.296175653103491,0.0001397800297023381,0.0031865852010346802,0.2608695652173913,-0.0007641565478562398,-0.0007641565478562399,-0.004908463915116701,-0.0011957649376867644
mixed__image__s17,shuffle51873,color,shuffle51873__color__g23__h0.0001.npz,23,0.0001,1.0530666738775647,1.376361777143272e-06,0.0003199396518775171,0.2608695652173913,-7.494948158843657e-05,-7.49494815884366e-05,-0.0004513341748356771,-0.00010421038413291355
mixed__image__s17,shuffle51873,color,shuffle51873__color__g23__h0.001.npz,23,0.001,1.0530666738775647,0.00013806694888056305,0.0031993965187751706,0.2608695652173913,-0.0006653000185407031,-0.0006653000185407032,-0.0038125473578702945,-0.0009428656567256148
mixed__image__s17,shuffle51873,joint,shuffle51873__joint__g0__h0.0001.npz,0,0.0001,1.5422858654693978,1.264574220771552e-06,0.00027516979304875754,0.8260869565217391,6.189490315430772e-05,6.093044632949904e-05,0.0002982100416933213,-0.0001534911180137154
mixed__image__s17,shuffle51873,joint,shuffle51873__joint__g0__h0.001.npz,0,0.001,1.5422858654693978,0.00012621086394938282,0.002751697930487576,0.8695652173913043,0.0006952145681997489,0.0006836950402772166,0.0036288528974533904,-0.0014686309648515848
mixed__image__s17,shuffle51873,joint,shuffle51873__joint__g12__h0.0001.npz,12,0.0001,1.391764593142122,1.4601516043050998e-06,0.00032395189496105736,0.17391304347826086,-8.771574096771168e-05,-8.565054286601761e-05,-0.0005614944484322805,-0.00013812114990863835
mixed__image__s17,shuffle51873,joint,shuffle51873__joint__g12__h0.001.npz,12,0.001,1.391764593142122,0.00014645981267406556,0.0032395189496105736,0.30434782608695654,-0.0007893633573012894,-0.0007696364143096163,-0.004941164878391922,-0.0012857092751049396
mixed__image__s17,shuffle51873,joint,shuffle51873__joint__g23__h0.0001.npz,23,0.0001,1.037389319952834,1.4136200838358627e-06,0.0003139193666898658,0.17391304347826086,-7.626690730658035e-05,-7.481142570062911e-05,-0.00044474036642123493,-0.00010261461327134288
mixed__image__s17,shuffle51873,joint,shuffle51873__joint__g23__h0.001.npz,23,0.001,1.037389319952834,0.00014181199521670688,0.0031391936668986585,0.2608695652173913,-0.0006758327651053335,-0.0006629237288630238,-0.0037388959298938454,-0.0009244152146749513
mixed__person_color__s17,person,color,person__color__g0__h0.0001.npz,0,0.0001,1.2392575155102734,5.603352292011908e-07,0.00032568958192611563,0.391304347826087,1.3721508200460036e-05,1.3721508200460036e-05,6.49876940247967e-05,-0.00012373015047660037
mixed__person_color__s17,person,color,person__color__g0__h0.001.npz,0,0.001,1.2392575155102734,5.59761111099845e-05,0.0032568958192611564,0.391304347826087,0.00015749692260012192,0.00015749692260012198,0.000840186959657533,-0.001219883130081647
mixed__person_color__s17,person,color,person__color__g12__h0.0001.npz,12,0.0001,1.1356185398187975,6.267225268638805e-07,0.000238355864787403,0.391304347826087,-4.514060907594151e-06,-4.514060907594149e-06,3.10704699346578e-05,-0.00011327884485486918
mixed__person_color__s17,person,color,person__color__g12__h0.001.npz,12,0.001,1.1356185398187975,6.252327831143622e-05,0.00238355864787403,0.391304347826087,-1.8024375183861845e-05,-1.8024375183861825e-05,0.000498752394045856,-0.0011073944174653497
mixed__person_color__s17,person,color,person__color__g23__h0.0001.npz,23,0.0001,5.299827793552079,3.5696250981813124e-06,0.0005777222019163492,0.391304347826087,-6.262446293047208e-05,-6.262446293047208e-05,-0.0004450094506542718,-0.0005278509323029563
mixed__person_color__s17,person,color,person__color__g23__h0.001.npz,23,0.001,5.299827793552079,0.0003570758259168966,0.005777222019163491,0.391304347826087,-0.0005096655866109901,-0.0005096655866109902,-0.0035678085246595623,-0.005086374812436948
mixed__person_color__s17,person,joint,person__joint__g0__h0.0001.npz,0,0.0001,1.2256241773616698,5.722913804604709e-07,0.0003422216359147114,0.4782608695652174,1.641054273540841e-05,1.586862769874982e-05,7.011419781243184e-05,-0.00012232728596677102
mixed__person_color__s17,person,joint,person__joint__g0__h0.001.npz,0,0.001,1.2256241773616698,5.71739145355792e-05,0.003422216359147114,0.4782608695652174,0.00018553746930522386,0.0001786197021459775,0.0008892195158304156,-0.0012022607808429178
mixed__person_color__s17,person,joint,person__joint__g12__h0.0001.npz,12,0.0001,0.8193018613860895,3.59011599457832e-07,0.00016091705910543022,0.4782608695652174,-9.384030220998018e-06,-1.1505638669995886e-05,-1.8095572658808003e-05,-8.169939736303271e-05
mixed__person_color__s17,person,joint,person__joint__g12__h0.001.npz,12,0.001,0.8193018613860895,3.583726882002531e-05,0.0016091705910543021,0.4782608695652174,-7.451671494648667e-05,-9.68708021389139e-05,-6.81720853820011e-05,-0.0007962630113555636
mixed__person_color__s17,person,joint,person__joint__g23__h0.0001.npz,23,0.0001,5.2848412349815685,3.503131813378216e-06,0.000570297773985274,0.43478260869565216,-6.219433462362115e-05,-6.248732998019927e-05,-0.0004423712678226762,-0.0005263888183264336
mixed__person_color__s17,person,joint,person__joint__g23__h0.001.npz,23,0.001,5.2848412349815685,0.0003504035569768388,0.00570297773985274,0.43478260869565216,-0.0005072981279303656,-0.0005103525211756144,-0.003560611660080544,-0.005075028979184467
mixed__person_color__s17,shuffle51871,color,shuffle51871__color__g0__h0.0001.npz,0,0.0001,2.5054150624860765,1.728876181751333e-06,0.00033592997223108893,0.30434782608695654,-6.012939688988577e-05,-6.012939688988576e-05,-0.0004175382253988714,-0.00024946556218841364
mixed__person_color__s17,shuffle51871,color,shuffle51871__color__g0__h0.001.npz,0,0.001,2.5054150624860765,0.0001732465048643341,0.0033592997223108895,0.30434782608695654,-0.0004901558232044442,-0.0004901558232044442,-0.003310740909237051,-0.002398310961869435
mixed__person_color__s17,shuffle51871,color,shuffle51871__color__g12__h0.0001.npz,12,0.0001,1.1428655599423259,1.6875973585280392e-06,0.00033739827123714503,0.34782608695652173,-5.8795054198656605e-05,-5.8795054198656605e-05,-0.00043320610766931584,-0.00011299585428286321
mixed__person_color__s17,shuffle51871,color,shuffle51871__color__g12__h0.001.npz,12,0.001,1.1428655599423259,0.00016917602964858572,0.0033739827123714502,0.34782608695652173,-0.0004780556649909799,-0.00047805566499097983,-0.0034752190743533528,-0.0010138275754517292
mixed__person_color__s17,shuffle51871,color,shuffle51871__color__g23__h0.0001.npz,23,0.0001,0.9264925089357094,2.5977025136911347e-07,0.00012416699612231911,0.6086956521739131,3.639668605547659e-06,3.6396686055476597e-06,0.00015983660716876522,-9.247369273338379e-05
mixed__person_color__s17,shuffle51871,color,shuffle51871__color__g23__h0.001.npz,23,0.001,0.9264925089357094,2.5505116087262836e-05,0.001241669961223191,0.6521739130434783,5.474088483946e-05,5.474088483946e-05,0.001816568140520044,-0.0009088836511416058
mixed__person_color__s17,shuffle51871,joint,shuffle51871__joint__g0__h0.0001.npz,0,0.0001,2.553939554709588,1.8104624636960118e-06,0.0003421619362567996,0.30434782608695654,-5.994771010813152e-05,-5.993543996908708e-05,-0.0004218973749802275,-0.00025425487018408655
mixed__person_color__s17,shuffle51871,joint,shuffle51871__joint__g0__h0.001.npz,0,0.001,2.553939554709588,0.00018148561804866683,0.003421619362567996,0.34782608695652173,-0.0004822044858225988,-0.00048266527066052303,-0.003298470353195183,-0.0024404939035635367
mixed__person_color__s17,shuffle51871,joint,shuffle51871__joint__g12__h0.0001.npz,12,0.0001,1.1897433050470345,1.8208726390997942e-06,0.00035239599610815275,0.34782608695652173,-5.880344186536866e-05,-5.8437676114558007e-05,-0.00043777453062116006,-0.00011758103910709005
mixed__person_color__s17,shuffle51871,joint,shuffle51871__joint__g12__h0.001.npz,12,0.001,1.1897433050470345,0.0001826388453507852,0.003523959961081528,0.34782608695652173,-0.00046816436729866677,-0.00046514373201174213,-0.003427231686589489,-0.0010504062167490556
mixed__person_color__s17,shuffle51871,joint,shuffle51871__joint__g23__h0.0001.npz,23,0.0001,0.9041695402273017,3.255772299687721e-07,0.00013086579502624316,0.6086956521739131,6.985075572276535e-06,4.864999376166908e-06,0.00017467255680190985,-9.01718340924563e-05
mixed__person_color__s17,shuffle51871,joint,shuffle51871__joint__g23__h0.001.npz,23,0.001,0.9041695402273017,3.198388374349434e-05,0.0013086579502624314,0.6956521739130435,9.363605188487341e-05,7.225167636471429e-05,0.0020008882158335834,-0.0008796114115422222
mixed__person_color__s17,shuffle51872,color,shuffle51872__color__g0__h0.0001.npz,0,0.0001,0.7534103677551873,2.3588489857760426e-07,0.00010715350511201653,0.5217391304347826,-4.794825525162506e-06,-4.794825525162505e-06,-0.00011164341856004716,-7.517415930814336e-05
mixed__person_color__s17,shuffle51872,color,shuffle51872__color__g0__h0.001.npz,0,0.001,0.7534103677551873,2.3569876648459314e-05,0.0010715350511201654,0.5217391304347826,-3.0882039139900766e-05,-3.088203913990077e-05,-0.0009494379132576349,-0.0007366535122496669
mixed__person_color__s17,shuffle51872,color,shuffle51872__color__g12__h0.0001.npz,12,0.0001,1.0522209062898236,9.48548119567873e-07,0.0002322352795995556,0.30434782608695654,-5.2009451639910884e-05,-5.200945163991088e-05,-0.0003910376903186759,-0.00010451304383390926
mixed__person_color__s17,shuffle51872,color,shuffle51872__color__g12__h0.001.npz,12,0.001,1.0522209062898236,9.462051324765641e-05,0.002322352795995556,0.34782608695652173,-0.0004547185524392734,-0.00045471855243927353,-0.003451437727968011,-0.0009815393492013512
mixed__person_color__s17,shuffle51872,color,shuffle51872__color__g23__h0.0001.npz,23,0.0001,1.825585344677007,1.962657557627691e-06,0.00031013059144321974,0.34782608695652173,-5.7011185395946154e-05,-5.701118539594616e-05,-0.0004582489222555299,-0.00018125157524052552
mixed__person_color__s17,shuffle51872,color,shuffle51872__color__g23__h0.001.npz,23,0.001,1.825585344677007,0.00019625608070881318,0.0031013059144321974,0.34782608695652173,-0.00043895922558923446,-0.0004389592255892345,-0.0035435195567807155,-0.0016945106598493145
mixed__person_color__s17,shuffle51872,joint,shuffle51872__joint__g0__h0.0001.npz,0,0.0001,0.7690360598694358,2.885394670978052e-07,0.0001186817256334327,0.4782608695652174,-7.67308632972806e-06,-6.24094229156509e-06,-0.00012076295925655519,-7.671135384076339e-05
mixed__person_color__s17,shuffle51872,joint,shuffle51872__joint__g0__h0.001.npz,0,0.001,0.7690360598694358,2.8806244216028783e-05,0.001186817256334327,0.5217391304347826,-5.5598591983751446e-05,-4.174486300123244e-05,-0.0010145778312588643,-0.0007497510826301707
mixed__person_color__s17,shuffle51872,joint,shuffle51872__joint__g12__h0.0001.npz,12,0.0001,1.0201541098056206,1.1205735185174293e-06,0.000252469281068689,0.34782608695652173,-5.368671238584442e-05,-5.396464374748904e-05,-0.0004129210625044107,-0.00010118454593306392
mixed__person_color__s17,shuffle51872,joint,shuffle51872__joint__g12__h0.001.npz,12,0.001,1.0201541098056206,0.00011182184069297271,0.00252469281068689,0.391304347826087,-0.00046088669796848816,-0.0004637295489381764,-0.0035766202865310797,-0.0009373256861105622
mixed__person_color__s17,shuffle51872,joint,shuffle51872__joint__g23__h0.0001.npz,23,0.0001,1.7591246133226333,1.9535445193952716e-06,0.00031166619855036207,0.34782608695652173,-5.880484341940597e-05,-5.7707084387192866e-05,-0.000464084726586217,-0.00017460548359096525
mixed__person_color__s17,shuffle51872,joint,shuffle51872__joint__g23__h0.001.npz,23,0.001,1.7591246133226333,0.00019532208661599714,0.0031166619855036203,0.34782608695652173,-0.00045681283066066836,-0.00044658365953596736,-0.0036117114786675167,-0.0016281172181191455
mixed__person_color__s17,shuffle51873,color,shuffle51873__color__g0__h0.0001.npz,0,0.0001,3.528235321968411,2.370892255343753e-06,0.00035282353219684176,0.30434782608695654,-5.8194951359045876e-05,-5.819495135904587e-05,-0.0004624101515324532,-0.00035137815105635325
mixed__person_color__s17,shuffle51873,color,shuffle51873__color__g0__h0.001.npz,0,0.001,3.528235321968411,0.00023693464648193575,0.0035282353219684174,0.391304347826087,-0.00044382333029822934,-0.0004438233302982293,-0.003507428107328301,-0.0033837886389940543
mixed__person_color__s17,shuffle51873,color,shuffle51873__color__g12__h0.0001.npz,12,0.0001,1.2117528623108536,1.8880991856575234e-06,0.00029831515275576497,0.391304347826087,-4.503583527540145e-05,-4.503583527540144e-05,-0.00039951212782156456,-0.00011980398640325154
mixed__person_color__s17,shuffle51873,color,shuffle51873__color__g12__h0.001.npz,12,0.001,1.2117528623108536,0.00018858561421916556,0.0029831515275576498,0.391304347826087,-0.0003405182309472721,-0.0003405182309472722,-0.003105638611139783,-0.0010746364970665085
mixed__person_color__s17,shuffle51873,color,shuffle51873__color__g23__h0.0001.npz,23,0.0001,0.9993120662098754,1.1137229923162173e-06,0.00024145349539891452,0.2608695652173913,-5.09679866735097e-05,-5.096798667350971e-05,-0.00036567807921274523,-9.911068495198657e-05
mixed__person_color__s17,shuffle51873,color,shuffle51873__color__g23__h0.001.npz,23,0.001,0.9993120662098754,0.00011136175701327702,0.0024145349539891454,0.2608695652173913,-0.0004417458399311133,-0.00044174583993111344,-0.003155120523891883,-0.0009174316819635073
mixed__person_color__s17,shuffle51873,joint,shuffle51873__joint__g0__h0.0001.npz,0,0.0001,3.6430182300991003,2.3955704962637755e-06,0.0003643018230099107,0.34782608695652173,-5.7983085190809855e-05,-5.676581898144808e-05,-0.00045563425812097014,-0.0003628444944148362
mixed__person_color__s17,shuffle51873,joint,shuffle51873__joint__g0__h0.001.npz,0,0.001,3.6430182300991003,0.00023946223619393688,0.0036430182300991073,0.391304347826087,-0.0004402637059950199,-0.0004293896880026848,-0.003431870513002566,-0.003497337336607624
mixed__person_color__s17,shuffle51873,joint,shuffle51873__joint__g12__h0.0001.npz,12,0.0001,1.1507516743907449,1.823781684037119e-06,0.00030544297603408505,0.391304347826087,-4.68691996517557e-05,-4.498581131509926e-05,-0.00040103357728811355,-0.00011374832571478569
mixed__person_color__s17,shuffle51873,joint,shuffle51873__joint__g12__h0.001.npz,12,0.001,1.1507516743907449,0.0001822239385039457,0.0030544297603408506,0.391304347826087,-0.00036170801375363275,-0.0003438034691417235,-0.0031561050911822286,-0.0010180661256356913
mixed__person_color__s17,shuffle51873,joint,shuffle51873__joint__g23__h0.0001.npz,23,0.0001,0.9369643630313762,1.2394144120708278e-06,0.0002452600566713596,0.2608695652173913,-5.1466371320163566e-05,-5.2698225736253463e-05,-0.000383545318640117,-9.278212040710698e-05
mixed__person_color__s17,shuffle51873,joint,shuffle51873__joint__g23__h0.001.npz,23,0.001,0.9369643630313762,0.00012398141091816766,0.002452600566713596,0.2608695652173913,-0.0004392106483288269,-0.00045164690581107013,-0.003271341657531147,-0.0008457318675071868
from_SLR__image__s17,person,color,person__color__g0__h0.0001.npz,0,0.0001,1.3283382623742312,2.015391905073159e-06,0.0001993824052988778,0.7142857142857143,1.1754204347386958e-05,1.1754204347386958e-05,-0.0002778417848657787,-0.00013241737280900628
from_SLR__image__s17,person,color,person__color__g0__h0.001.npz,0,0.001,1.3283382623742312,0.0002010786625148797,0.001993824052988778,0.7142857142857143,0.00018430557185674114,0.00018430557185674114,-0.002277176152585668,-0.0012866343377874593
from_SLR__image__s17,person,color,person__color__g4__h0.0001.npz,4,0.0001,1.9309599641870128,3.681145883232585e-06,0.0002729461228145796,0.5714285714285714,1.2256068933765677e-05,1.2256068933765672e-05,-0.0003905473434923033,-0.00019210055912354226
from_SLR__image__s17,person,color,person__color__g4__h0.001.npz,4,0.001,1.9309599641870128,0.00036734534177036834,0.0027294612281457964,0.5714285714285714,0.0002163607429200247,0.0002163607429200248,-0.003177462307291227,-0.0018321122480753813
from_SLR__image__s17,person,color,person__color__g7__h0.0001.npz,7,0.0001,1.4714828381310503,2.083465455556422e-06,0.0003165556168802186,0.42857142857142855,1.0759770758966079e-05,1.075977075896608e-05,-9.841409280511728e-06,-0.00014662550639338244
from_SLR__image__s17,person,color,person__color__g7__h0.001.npz,7,0.001,1.4714828381310503,0.00020790366189409482,0.003165556168802186,0.42857142857142855,0.00014697368658787635,0.00014697368658787637,0.00022756062371662793,-0.0014195055118688881
from_SLR__image__s17,person,joint,person__joint__g0__h0.0001.npz,0,0.0001,1.2723179487694487,1.9945464077793826e-06,0.00018008600963596557,0.7142857142857143,9.458562310291244e-06,1.1346607052705805e-05,-0.00028341420051963796,-0.00012680479960999763
from_SLR__image__s17,person,joint,person__joint__g0__h0.001.npz,0,0.001,1.2723179487694487,0.00019906305368370784,0.0018008600963596555,0.7142857142857143,0.00016286874340543727,0.00017957905405524102,-0.0023298348061767363,-0.0012295742953647693
from_SLR__image__s17,person,joint,person__joint__g4__h0.0001.npz,4,0.0001,2.161474118192351,3.740304787804168e-06,0.00026756437961717263,0.5714285714285714,1.0835089386382341e-05,1.2454492924561848e-05,-0.000393759660143061,-0.0002150920388252588
from_SLR__image__s17,person,joint,person__joint__g4__h0.001.npz,4,0.001,2.161474118192351,0.00037322977578078823,0.0026756437961717263,0.5714285714285714,0.00020650497462093833,0.00022051817880011017,-0.0031917668844493527,-0.0020566636425930086
from_SLR__image__s17,person,joint,person__joint__g7__h0.0001.npz,7,0.0001,1.4520905485160995,1.937643279123957e-06,0.0003073576655385028,0.42857142857142855,1.3570644858155175e-05,1.0258060344819149e-05,3.930986577494393e-06,-0.00014470417997125597
from_SLR__image__s17,person,joint,person__joint__g7__h0.001.npz,7,0.001,1.4520905485160995,0.00019345661798203777,0.003073576655385028,0.42857142857142855,0.00017352920400110004,0.00013976702543704982,0.00034923029622758924,-0.0014018866975622237
from_SLR__image__s17,shuffle51871,color,shuffle51871__color__g0__h0.0001.npz,0,0.0001,0.8750229226928438,1.0031379200434724e-06,0.00010566470915486224,0.5714285714285714,-1.0945143937425341e-05,-1.0945143937425344e-05,0.00017781082506501333,-8.712006101147218e-05
from_SLR__image__s17,shuffle51871,color,shuffle51871__color__g0__h0.001.npz,0,0.001,0.8750229226928438,0.00010087947660387432,0.0010566470915486224,0.5714285714285714,-5.737589705360803e-05,-5.737589705360807e-05,0.002153858822548939,-0.0008364813839012375
from_SLR__image__s17,shuffle51871,color,shuffle51871__color__g4__h0.0001.npz,4,0.0001,1.4841650927273993,1.9055164556854715e-06,0.00014841650927273985,0.5714285714285714,-1.3625874644089133e-05,-1.3625874644089133e-05,0.000344339318924974,-0.00014719160517809356
from_SLR__image__s17,shuffle51871,color,shuffle51871__color__g4__h0.001.npz,4,0.001,1.4841650927273993,0.0001914139900567797,0.0014841650927273984,0.5714285714285714,-3.765228796060684e-05,-3.765228796060676e-05,0.004176045569674671,-0.0013611500248798807
from_SLR__image__s17,shuffle51871,color,shuffle51871__color__g7__h0.0001.npz,7,0.0001,1.3865305451137713,1.6938998262985139e-06,0.00013865305451137708,0.5714285714285714,-1.4233935822481043e-05,-1.4233935822481038e-05,0.000285522460094714,-0.00013797147053292344
from_SLR__image__s17,shuffle51871,color,shuffle51871__color__g7__h0.001.npz,7,0.001,1.3865305451137713,0.00017034309606507375,0.0013865305451137707,0.5714285714285714,-5.4841755748550145e-05,-5.484175574855022e-05,0.0034891297794491178,-0.0013179291323029507
from_SLR__image__s17,shuffle51871,joint,shuffle51871__joint__g0__h0.0001.npz,0,0.0001,0.8283916098610343,9.211476362867138e-07,0.00010499415524084796,0.7142857142857143,-1.2022500682967531e-05,-1.0296101912486211e-05,0.00016258207021687226,-8.248484248540604e-05
from_SLR__image__s17,shuffle51871,joint,shuffle51871__joint__g0__h0.001.npz,0,0.001,0.8283916098610343,9.262375611179927e-05,0.0010499415524084796,0.7142857142857143,-7.207537307910196e-05,-5.586947784446018e-05,0.0019662270253637056,-0.000792668422176747
from_SLR__image__s17,shuffle51871,joint,shuffle51871__joint__g4__h0.0001.npz,4,0.0001,1.4752712851974328,1.8374478330314306e-06,0.00014752712851974316,0.5714285714285714,-1.4758988794212228e-05,-1.3932222383133926e-05,0.00031007101010335195,-0.00014633510293489055
from_SLR__image__s17,shuffle51871,joint,shuffle51871__joint__g4__h0.001.npz,4,0.001,1.4752712851974328,0.0001846807264513806,0.0014752712851974316,0.5714285714285714,-5.1745749266588234e-05,-4.4929186211633674e-05,0.003791592478042969,-0.0013555082461380425
from_SLR__image__s17,shuffle51871,joint,shuffle51871__joint__g7__h0.0001.npz,7,0.0001,1.3166996147433876,1.6471432196715752e-06,0.0001369507091256811,0.5714285714285714,-1.536495625288394e-05,-1.4120933327273994e-05,0.00027242166477602146,-0.00013100770329259288
from_SLR__image__s17,shuffle51871,joint,shuffle51871__joint__g7__h0.001.npz,7,0.001,1.3166996147433876,0.00016565507300337072,0.0013695070912568112,0.5714285714285714,-6.801148743663811e-05,-5.685908129476904e-05,0.003334706863145041,-0.0012500530024550068
from_SLR__image__s17,shuffle51872,color,shuffle51872__color__g0__h0.0001.npz,0,0.0001,0.6631266158166208,5.375924528478062e-07,9.766046881992682e-05,0.7142857142857143,4.156216181488707e-06,4.1562161814887035e-06,0.00017082571211079965,-6.577506912881408e-05
from_SLR__image__s17,shuffle51872,color,shuffle51872__color__g0__h0.001.npz,0,0.001,0.6631266158166208,5.370142804814919e-05,0.000976604688199268,0.7142857142857143,7.322707582160765e-05,7.322707582160768e-05,0.002008752664985661,-0.0006094251877684697
from_SLR__image__s17,shuffle51872,color,shuffle51872__color__g4__h0.0001.npz,4,0.0001,0.7809099834982368,5.901869378457499e-07,0.000162270189099691,0.42857142857142855,1.044606957628297e-05,1.0446069576282972e-05,-5.405192527052524e-05,-7.772233897638108e-05
from_SLR__image__s17,shuffle51872,color,shuffle51872__color__g4__h0.001.npz,4,0.001,0.7809099834982368,5.8818416974267755e-05,0.00162270189099691,0.42857142857142855,0.00013865253063936138,0.0001386525306393613,-0.00026050476171067104,-0.00074430127603996
from_SLR__image__s17,shuffle51872,color,shuffle51872__color__g7__h0.0001.npz,7,0.0001,1.4180605514222016,1.593250450482066e-06,0.0002997191711907412,0.5714285714285714,1.1931276078471563e-05,1.1931276078471563e-05,-0.0003777756238348921,-0.00014056165500188366
from_SLR__image__s17,shuffle51872,color,shuffle51872__color__g7__h0.001.npz,7,0.001,1.4180605514222016,0.00015903709536096788,0.002997191711907412,0.7142857142857143,0.0002116941661330297,0.00021169416613302973,-0.0030383641762888854,-0.0012935427573983907
from_SLR__image__s17,shuffle51872,joint,shuffle51872__joint__g0__h0.0001.npz,0,0.0001,0.5695068131993911,4.781084355987345e-07,7.81993274563315e-05,0.7142857142857143,8.726773647241194e-06,5.651453772984504e-06,0.00011832415085123576,-5.647257288434021e-05
from_SLR__image__s17,shuffle51872,joint,shuffle51872__joint__g0__h0.001.npz,0,0.001,0.5695068131993911,4.7739187370945675e-05,0.000781993274563315,0.7142857142857143,0.00011557625225329259,8.397501264636336e-05,0.0014388171010941168,-0.0005217676258284438
from_SLR__image__s17,shuffle51872,joint,shuffle51872__joint__g4__h0.0001.npz,4,0.0001,0.8046996660709763,5.552852593283561e-07,0.00014733358984376016,0.7142857142857143,1.3110228453290026e-05,9.775205056291897e-06,-1.567017134668156e-05,-8.010794823412479e-05
from_SLR__image__s17,shuffle51872,joint,shuffle51872__joint__g4__h0.001.npz,4,0.001,0.8046996660709763,5.535048012168098e-05,0.0014733358984376015,0.7142857142857143,0.0001636162745064065,0.00012961576815608098,0.00011671384170163698,-0.0007687666556119488
from_SLR__image__s17,shuffle51872,joint,shuffle51872__joint__g7__h0.0001.npz,7,0.0001,1.5241209971707508,1.6158856276317948e-06,0.0002884571315520641,0.7142857142857143,9.531981384383103e-06,1.1723059967457257e-05,-0.0003799967516710322,-0.00015115178447559687
from_SLR__image__s17,shuffle51872,joint,shuffle51872__joint__g7__h0.001.npz,7,0.001,1.5241209971707508,0.00016133036241071052,0.0028845713155206407,0.7142857142857143,0.0001895986258745635,0.0002090398798444366,-0.003059730289783838,-0.0013979945645692473
from_SLR__image__s17,shuffle51873,color,shuffle51873__color__g0__h0.0001.npz,0,0.0001,1.2775292171836845,1.286700076296441e-06,0.00019121166306892124,0.5714285714285714,-1.1768112774750365e-05,-1.176811277475036e-05,0.0003905029825320934,-0.000126466221642072
from_SLR__image__s17,shuffle51873,color,shuffle51873__color__g0__h0.001.npz,0,0.001,1.2775292171836845,0.00012924852851757475,0.0019121166306892124,0.7142857142857143,-2.1994387005639703e-05,-2.199438700563972e-05,0.004634573700039755,-0.0011482806886661098
from_SLR__image__s17,shuffle51873,color,shuffle51873__color__g4__h0.0001.npz,4,0.0001,0.7092980163308902,5.839779271094806e-07,0.00011387143845440558,0.5714285714285714,2.5989185120130714e-06,2.59891851201307e-06,-0.00029146811701485817,-7.041186702731644e-05
from_SLR__image__s17,shuffle51873,color,shuffle51873__color__g4__h0.001.npz,4,0.001,0.7092980163308902,5.827705702578158e-05,0.0011387143845440558,0.5714285714285714,6.932067463204187e-05,6.93206746320419e-05,-0.0025765455188364837,-0.0006576944898371325
from_SLR__image__s17,shuffle51873,color,shuffle51873__color__g7__h0.0001.npz,7,0.0001,0.5454192239173287,3.548707474390744e-07,5.454192239173298e-05,0.5714285714285714,4.926988374912286e-06,4.926988374912285e-06,0.00013959592462759458,-5.4269319987023794e-05
from_SLR__image__s17,shuffle51873,color,shuffle51873__color__g7__h0.001.npz,7,0.001,0.5454192239173287,3.540674646617878e-05,0.0005454192239173297,0.5714285714285714,7.4904767346748e-05,7.490476734674805e-05,0.0016577292416261036,-0.0005180571736117184
from_SLR__image__s17,shuffle51873,joint,shuffle51873__joint__g0__h0.0001.npz,0,0.0001,1.2878150546052616,1.3237945796510048e-06,0.00020035256953604733,0.7142857142857143,-1.039618772184491e-05,-1.167055610919675e-05,0.00039722256090290564,-0.00012745771088087517
from_SLR__image__s17,shuffle51873,joint,shuffle51873__joint__g0__h0.001.npz,0,0.001,1.2878150546052616,0.00013291893948520913,0.002003525695360473,0.7142857142857143,-5.239860594060887e-06,-2.0279093828826097e-05,0.0047134973441010555,-0.0011548961151200527
from_SLR__image__s17,shuffle51873,joint,shuffle51873__joint__g4__h0.0001.npz,4,0.0001,0.6973294901987404,5.945502419793145e-07,0.00010969344484270512,0.5714285714285714,-1.4583844649272864e-06,1.5871072455768537e-06,-0.00029076137574762177,-6.922256967129863e-05
from_SLR__image__s17,shuffle51873,joint,shuffle51873__joint__g4__h0.001.npz,4,0.001,0.6973294901987404,5.9360742688075265e-05,0.001096934448427051,0.5714285714285714,2.9588811998598543e-05,5.825239529120707e-05,-0.002558113002379268,-0.0006464319489477403
from_SLR__image__s17,shuffle51873,joint,shuffle51873__joint__g7__h0.0001.npz,7,0.0001,0.48157906299264003,3.3196040529904477e-07,6.426036673678657e-05,0.7142857142857143,1.006309558137445e-05,6.383445029140434e-06,7.277250800734252e-05,-4.790597224469021e-05
from_SLR__image__s17,shuffle51873,joint,shuffle51873__joint__g7__h0.001.npz,7,0.001,0.48157906299264003,3.306791855303215e-05,0.0006426036673678657,0.8571428571428571,0.00012440237284061417,8.668924810500961e-05,0.0009523245931292488,-0.00045634125836205086
from_SLR__person_color__s17,person,color,person__color__g0__h0.0001.npz,0,0.0001,1.480528774169433,2.447288517013434e-06,0.00021101885760183134,0.5714285714285714,-2.3973377585477173e-05,-2.397337758547718e-05,-0.0005587672134919116,-0.00014765334531317647
from_SLR__person_color__s17,person,color,person__color__g0__h0.001.npz,0,0.001,1.480528774169433,0.00024415608872552946,0.0021101885760183136,0.5714285714285714,-0.0001638986984972205,-0.00016389869849722045,-0.005010632206813671,-0.0014405320929862541
from_SLR__person_color__s17,person,color,person__color__g4__h0.0001.npz,4,0.0001,2.687323276544401,4.367620181105683e-06,0.0002687323276544402,0.5714285714285714,-2.48658720442342e-05,-2.48658720442342e-05,-0.0006524423124861463,-0.0002675626069306277
from_SLR__person_color__s17,person,color,person__color__g4__h0.001.npz,4,0.001,2.687323276544401,0.00043553904537380625,0.0026873232765444017,0.5714285714285714,-0.00013719131873366557,-0.00013719131873366551,-0.005681418812077064,-0.002571133989582584
from_SLR__person_color__s17,person,color,person__color__g7__h0.0001.npz,7,0.0001,1.7809632377455842,1.661600441155099e-06,0.00032277789799851995,0.5714285714285714,1.5048711926627597e-05,1.5048711926627592e-05,0.0001681333294815698,-0.00017753825739566908
from_SLR__person_color__s17,person,color,person__color__g7__h0.001.npz,7,0.001,1.7809632377455842,0.00016605722080842867,0.003227778979985199,0.5714285714285714,0.00018661287648815428,0.00018661287648815436,0.0019525059044614365,-0.001725467027442263
from_SLR__person_color__s17,person,joint,person__joint__g0__h0.0001.npz,0,0.0001,1.4132531381376396,2.435058647095277e-06,0.0002329196830080625,0.5714285714285714,-2.9936401890077372e-05,-2.4099787229895652e-05,-0.0005611884521211541,-0.00014092555266270049
from_SLR__person_color__s17,person,joint,person__joint__g0__h0.001.npz,0,0.001,1.4132531381376396,0.00024294636430526127,0.002329196830080625,0.5714285714285714,-0.00022258197818170747,-0.0001661847127395498,-0.005041408749158337,-0.0013732496326906807
from_SLR__person_color__s17,person,joint,person__joint__g4__h0.0001.npz,4,0.0001,2.891443394022504,4.43131873096748e-06,0.00028914433940225036,0.5714285714285714,-3.131218376082576e-05,-2.5128300014701573e-05,-0.0006561429132985702,-0.0002879330347948216
from_SLR__person_color__s17,person,joint,person__joint__g4__h0.001.npz,4,0.001,2.891443394022504,0.0004418921118298823,0.0028914433940225035,0.5714285714285714,-0.00019860129278076493,-0.00013894908477094108,-0.005711327763897965,-0.0027711421761654823
from_SLR__person_color__s17,person,joint,person__joint__g7__h0.0001.npz,7,0.0001,1.8129888943809216,1.7058708107299601e-06,0.00032590504858651695,0.5714285714285714,1.6540421852240078e-05,1.4832561727647832e-05,0.0001651557816181016,-0.0001807288855298811
from_SLR__person_color__s17,person,joint,person__joint__g7__h0.001.npz,7,0.001,1.8129888943809216,0.0001704691489002987,0.0032590504858651687,0.5714285714285714,0.00020293199291823166,0.0001849017138193749,0.0019271092651814827,-0.001756297154311256
from_SLR__person_color__s17,shuffle51871,color,shuffle51871__color__g0__h0.0001.npz,0,0.0001,0.5882093515605659,1.647516030147303e-07,5.882093515605655e-05,0.5714285714285714,-6.085681065176202e-06,-6.0856810651762e-06,-0.00010152433576384919,-5.872570503149097e-05
from_SLR__person_color__s17,shuffle51871,color,shuffle51871__color__g0__h0.001.npz,0,0.001,0.5882093515605659,1.6545870744202624e-05,0.0005882093515605654,0.5714285714285714,-4.900370249363358e-05,-4.900370249363358e-05,-0.0008989699352158642,-0.0005786734395342658
from_SLR__person_color__s17,shuffle51871,color,shuffle51871__color__g4__h0.0001.npz,4,0.0001,1.259473742359215,1.7021662530362046e-06,0.0001481396799245674,0.5714285714285714,1.0063613421603001e-05,1.0063613421602996e-05,0.0003715202371489951,-0.00012466150734877639
from_SLR__person_color__s17,shuffle51871,color,shuffle51871__color__g4__h0.001.npz,4,0.001,1.259473742359215,0.00017081754718050227,0.001481396799245674,0.5714285714285714,0.00020603777777329136,0.0002060377777732915,0.0044820752925407254,-0.0011302884734870138
from_SLR__person_color__s17,shuffle51871,color,shuffle51871__color__g7__h0.0001.npz,7,0.0001,0.9663140639449329,1.5559661885613217e-06,0.00014112008286920982,0.5714285714285714,1.1015797866234485e-05,1.101579786623448e-05,0.00040529428609328475,-9.584982673821583e-05
from_SLR__person_color__s17,shuffle51871,color,shuffle51871__color__g7__h0.001.npz,7,0.001,0.9663140639449329,0.000156050027775505,0.001411200828692098,0.5714285714285714,0.0002063904769714692,0.00020639047697146916,0.004755043197999844,-0.0008878280131569393
from_SLR__person_color__s17,shuffle51871,joint,shuffle51871__joint__g0__h0.0001.npz,0,0.0001,0.5483269051965005,1.3600545088881806e-07,5.9412416852850354e-05,0.14285714285714285,-1.1498639551256322e-05,-8.134289366333058e-06,-0.00017725648259059898,-5.472164029009036e-05
from_SLR__person_color__s17,shuffle51871,joint,shuffle51871__joint__g0__h0.001.npz,0,0.001,0.5483269051965005,1.361881414618549e-05,0.0005941241685285036,0.14285714285714285,-0.00010419631845273746,-7.104815817232734e-05,-0.0016734413478145104,-0.0005372022563067312
from_SLR__person_color__s17,shuffle51871,joint,shuffle51871__joint__g4__h0.0001.npz,4,0.0001,1.2163531317338412,1.415234770324274e-06,0.00013674150835832506,0.5714285714285714,6.783681229873027e-06,5.002379231109745e-06,0.00025604968754248047,-0.00012053759795413799
from_SLR__person_color__s17,shuffle51871,joint,shuffle51871__joint__g4__h0.001.npz,4,0.001,1.2163531317338412,0.00014217579526831022,0.0013674150835832504,0.7142857142857143,0.00015770560244033675,0.0001389874277850397,0.003213517474679674,-0.0011060699889351882
from_SLR__person_color__s17,shuffle51871,joint,shuffle51871__joint__g7__h0.0001.npz,7,0.0001,0.9151869586196929,1.464218991422474e-06,0.00014028740853871374,0.5714285714285714,1.233892380136313e-05,9.543717723894941e-06,0.0003770342566908049,-9.078816791917502e-05
from_SLR__person_color__s17,shuffle51871,joint,shuffle51871__joint__g7__h0.001.npz,7,0.001,0.9151869586196929,0.000146899804825164,0.0014028740853871376,0.7142857142857143,0.0002141942849396012,0.00018536259704368357,0.004424995064595146,-0.0008418174270014361
from_SLR__person_color__s17,shuffle51872,color,shuffle51872__color__g0__h0.0001.npz,0,0.0001,0.7908233884107618,1.565104771293857e-06,0.0003327638377935279,0.42857142857142855,-9.113407809605493e-06,-9.113407809605498e-06,-0.00039770611383838154,-7.751723406978234e-05
from_SLR__person_color__s17,shuffle51872,color,shuffle51872__color__g0__h0.001.npz,0,0.001,0.7908233884107618,0.00015619086978643998,0.003327638377935278,0.42857142857142855,5.354320228374115e-06,5.35432022837416e-06,-0.003259666986030532,-0.000634632518624322
from_SLR__person_color__s17,shuffle51872,color,shuffle51872__color__g4__h0.0001.npz,4,0.0001,1.0058317122964437,1.444701109045144e-06,0.0003129674686649576,0.42857142857142855,-9.545968808553684e-06,-9.545968808553691e-06,-0.00035506417549139717,-9.974881307229246e-05
from_SLR__person_color__s17,shuffle51872,color,shuffle51872__color__g4__h0.001.npz,4,0.001,1.0058317122964437,0.00014397120433467365,0.0031296746866495756,0.42857142857142855,-5.980726150029738e-06,-5.980726150029798e-06,-0.0029159930961317557,-0.0009231293518328726
from_SLR__person_color__s17,shuffle51872,color,shuffle51872__color__g7__h0.0001.npz,7,0.0001,2.298467062003049,1.742930897171838e-06,0.0003246028859631938,0.42857142857142855,-2.583073599310897e-05,-2.5830735993108965e-05,-0.000655159185709949,-0.00022834315963394736
from_SLR__person_color__s17,shuffle51872,color,shuffle51872__color__g7__h0.001.npz,7,0.001,2.298467062003049,0.00017400107223851087,0.003246028859631938,0.5714285714285714,-0.00014869281617969394,-0.0001486928161796941,-0.0057143766814112765,-0.0021482436318719417
from_SLR__person_color__s17,shuffle51872,joint,shuffle51872__joint__g0__h0.0001.npz,0,0.0001,0.9517640157155485,1.8225112567650834e-06,0.00034533979783752175,0.2857142857142857,-1.9107810605578522e-05,-1.4342710835201926e-05,-0.0005068475563440507,-9.335389031478976e-05
from_SLR__person_color__s17,shuffle51872,joint,shuffle51872__joint__g0__h0.001.npz,0,0.001,0.9517640157155485,0.00018188911878145794,0.003453397978375218,0.42857142857142855,-7.816795102473791e-05,-3.199792346177366e-05,-0.004231961482145873,-0.0007698748969340905
from_SLR__person_color__s17,shuffle51872,joint,shuffle51872__joint__g4__h0.0001.npz,4,0.0001,0.9872844186751393,1.4153222266185422e-06,0.0003027825693793048,0.42857142857142855,-1.1129944550655076e-05,-8.551599540079302e-06,-0.00033641677647016873,-9.790812103299363e-05
from_SLR__person_color__s17,shuffle51872,joint,shuffle51872__joint__g4__h0.001.npz,4,0.001,0.9872844186751393,0.0001410547361803215,0.003027825693793048,0.42857142857142855,-2.378330398439255e-05,1.0732328518509318e-06,-0.002750750863793616,-0.0009059777527653384
from_SLR__person_color__s17,shuffle51872,joint,shuffle51872__joint__g7__h0.0001.npz,7,0.0001,2.4201451216438774,1.7834828324195332e-06,0.0003109623672962226,0.42857142857142855,-3.210620849393314e-05,-2.5810706519830157e-05,-0.0006548282971551905,-0.00024048088200349845
from_SLR__person_color__s17,shuffle51872,joint,shuffle51872__joint__g7__h0.001.npz,7,0.001,2.4201451216438774,0.00017804729778218408,0.003109623672962226,0.5714285714285714,-0.0002089310174706543,-0.00014823455373501034,-0.005709488194833291,-0.002266926121685416
from_SLR__person_color__s17,shuffle51873,color,shuffle51873__color__g0__h0.0001.npz,0,0.0001,1.1670106218000709,1.574256894727979e-06,0.00023821238837535037,0.5714285714285714,2.5004899702990626e-05,2.500489970299063e-05,0.0006340671927252944,-0.00011512680528527903
from_SLR__person_color__s17,shuffle51873,color,shuffle51873__color__g0__h0.001.npz,0,0.001,1.1670106218000709,0.00015780929207996727,0.002382123883753504,0.5714285714285714,0.000364603805237658,0.0003646038052376578,0.007174075446454724,-0.001009201329720103
from_SLR__person_color__s17,shuffle51873,color,shuffle51873__color__g4__h0.0001.npz,4,0.0001,1.4344721354840346,1.4518357448506679e-06,0.00021357682626559145,0.5714285714285714,-2.5390634035726783e-05,-2.5390634035726786e-05,-0.0006371399173247996,-0.00014217394470909277
from_SLR__person_color__s17,shuffle51873,color,shuffle51873__color__g4__h0.001.npz,4,0.001,1.4344721354840346,0.00014475124401536503,0.0021357682626559145,0.5714285714285714,-0.000149081739313285,-0.00014908173931328482,-0.00559489682120058,-0.0013076037356605974
from_SLR__person_color__s17,shuffle51873,color,shuffle51873__color__g7__h0.0001.npz,7,0.0001,0.4194041291294792,3.245125792737433e-07,7.003037130533644e-05,0.7142857142857143,1.0622682802863674e-05,1.0622682802863677e-05,0.0002922361493079503,-4.1704606029408994e-05
from_SLR__person_color__s17,shuffle51873,color,shuffle51873__color__g7__h0.001.npz,7,0.001,0.4194041291294792,3.239530078186258e-05,0.0007003037130533645,0.7142857142857143,0.00012849309097709465,0.00012849309097709468,0.0030989505052376014,-0.00039585146236898594
from_SLR__person_color__s17,shuffle51873,joint,shuffle51873__joint__g0__h0.0001.npz,0,0.0001,1.1569085834321937,1.6329886330771918e-06,0.00024695687886213557,0.7142857142857143,3.014124903573878e-05,2.4437605397233937e-05,0.00062790714146322,-0.00011405786971014213
from_SLR__person_color__s17,shuffle51873,joint,shuffle51873__joint__g0__h0.001.npz,0,0.001,1.1569085834321937,0.00016372958911662423,0.002469568788621356,0.7142857142857143,0.00042068193035043634,0.0003616019861654742,0.007132292924338166,-0.0009931789943155688
from_SLR__person_color__s17,shuffle51873,joint,shuffle51873__joint__g4__h0.0001.npz,4,0.0001,1.4290973371321143,1.4861031440656548e-06,0.00022010058659029208,0.5714285714285714,-3.0996921394259236e-05,-2.5331138208154457e-05,-0.0006391143596221853,-0.00014161231471411512
from_SLR__person_color__s17,shuffle51873,joint,shuffle51873__joint__g4__h0.001.npz,4,0.001,1.4290973371321143,0.0001481601127280626,0.0022010058659029208,0.5714285714285714,-0.00020210180219151988,-0.00014748160467826588,-0.005606681872712975,-0.0012998391815720871
from_SLR__person_color__s17,shuffle51873,joint,shuffle51873__joint__g7__h0.0001.npz,7,0.0001,0.3548297664877735,6.180684799232191e-08,3.5482976648777364e-05,0.7142857142857143,3.1560640013567776e-07,-8.088758160129944e-07,1.9351506746870396e-05,-3.542877792830527e-05
from_SLR__person_color__s17,shuffle51873,joint,shuffle51873__joint__g7__h0.001.npz,7,0.001,0.3548297664877735,6.1720717327764515e-06,0.0003548297664877736,0.7142857142857143,7.675145421270981e-06,-3.8114917176372277e-06,0.00023983118248939163,-0.0003494117969383212
from_ipod__image__s17,person,color,person__color__g0__h0.0001.npz,0,0.0001,1.0193106471049274,1.7340505964940972e-07,0.0001648131210498182,0.4,-1.4586639848039833e-06,-1.4586639848039839e-06,-5.5667654542720914e-05,-0.00010182704692308006
from_ipod__image__s17,person,color,person__color__g0__h0.001.npz,0,0.001,1.0193106471049274,1.734643748029234e-05,0.001648131210498182,0.4,-1.0015864260719216e-05,-1.0015864260719238e-05,-0.0005257566936776597,-0.0010089089665443938
from_ipod__image__s17,person,color,person__color__g8__h0.0001.npz,8,0.0001,1.2261164160199636,3.501005729025943e-07,0.00016504682138592815,0.5333333333333333,-9.001270515643967e-07,-9.001270515644013e-07,-2.3553907207150758e-05,-0.00012243748393521876
from_ipod__image__s17,person,color,person__color__g8__h0.001.npz,8,0.001,1.2261164160199636,3.523267813265019e-05,0.0016504682138592814,0.5333333333333333,1.2403041263167169e-05,1.2403041263167179e-05,-0.00012120508509736624,-0.0012087398158842561
from_ipod__image__s17,person,color,person__color__g15__h0.0001.npz,15,0.0001,0.8758937723736587,6.746805807655051e-07,0.0003931166155410626,0.5333333333333333,-1.2214589621061413e-05,-1.2214589621061418e-05,-0.00016847383528052773,-8.691469665660055e-05
from_ipod__image__s17,person,color,person__color__g15__h0.001.npz,15,0.001,0.8758937723736587,6.53426060850176e-05,0.003931166155410626,0.5333333333333333,-7.856954973053994e-05,-7.856954973053992e-05,-0.0012999507191353945,-0.000810551166288643
from_ipod__image__s17,person,joint,person__joint__g0__h0.0001.npz,0,0.0001,0.9793880655844328,2.1795266798483822e-07,0.00021516578077264566,0.4,-3.000632217452894e-06,-3.5544242595670325e-06,-8.800660090427733e-05,-9.779982102961398e-05
from_ipod__image__s17,person,joint,person__joint__g0__h0.001.npz,0,0.001,0.9793880655844328,2.1765578352116177e-05,0.0021516578077264564,0.4666666666666667,-2.3886308108256e-05,-2.997313053300004e-05,-0.0008439190669104672,-0.0009655051765900532
from_ipod__image__s17,person,joint,person__joint__g8__h0.0001.npz,8,0.0001,1.068835752700885,6.27265691050645e-07,0.00013654990259602206,0.5333333333333333,-3.948297320246866e-06,-4.75206577736253e-06,-1.4851272623597639e-06,-0.00010661355548961191
from_ipod__image__s17,person,joint,person__joint__g8__h0.001.npz,8,0.001,1.068835752700885,6.255337931211443e-05,0.0013654990259602206,0.5333333333333333,-4.569739725334917e-06,-1.3425437728372539e-05,0.00018786827242570466,-0.0010418335122343043
from_ipod__image__s17,person,joint,person__joint__g15__h0.0001.npz,15,0.0001,0.8580096231878187,2.999532286942865e-07,0.00029430823534242314,0.4666666666666667,-9.277520881201078e-06,-8.355330378923994e-06,-0.00021784926538100975,-8.552765872778339e-05
from_ipod__image__s17,person,joint,person__joint__g15__h0.001.npz,15,0.001,0.8580096231878187,3.0022651027651918e-05,0.0029430823534242314,0.4666666666666667,-6.960653530117586e-05,-6.159342513377777e-05,-0.001954683640325936,-0.0008305708519956514
from_ipod__image__s17,shuffle51871,color,shuffle51871__color__g0__h0.0001.npz,0,0.0001,0.8484340449656445,2.2596288681374485e-07,0.00011923746004582453,0.4,-7.369369747177341e-06,-7.3693697471773405e-06,-0.00013343673495222496,-8.46205387732097e-05
from_ipod__image__s17,shuffle51871,color,shuffle51871__color__g0__h0.001.npz,0,0.001,0.8484340449656445,2.2556491319366124e-05,0.0011923746004582451,0.4,-5.675449759755549e-05,-5.675449759755549e-05,-0.0012025575354245603,-0.0008261425347437731
from_ipod__image__s17,shuffle51871,color,shuffle51871__color__g8__h0.0001.npz,8,0.0001,1.8357699714848936,1.7554936640381168e-06,0.00033282533960648483,0.4666666666666667,-1.8265675754421345e-05,-1.8265675754421345e-05,-9.483388265080217e-05,-0.00018216117191903445
from_ipod__image__s17,shuffle51871,color,shuffle51871__color__g8__h0.001.npz,8,0.001,1.8357699714848936,0.00017571870389938667,0.0033282533960648482,0.4666666666666667,-4.493469064168677e-05,-4.493469064168671e-05,0.0001715024304886637,-0.001694031321463874
from_ipod__image__s17,shuffle51871,color,shuffle51871__color__g15__h0.0001.npz,15,0.0001,0.51938149887725,5.878239099386191e-07,0.00020296366816346178,0.6666666666666666,1.3926720523186205e-05,1.3926720523186203e-05,0.00015708251084698734,-5.143551019415685e-05
from_ipod__image__s17,shuffle51871,color,shuffle51871__color__g15__h0.001.npz,15,0.001,0.51938149887725,5.850581797827098e-05,0.0020296366816346177,0.7333333333333333,0.00018312930780308115,0.00018312930780308115,0.0019546401593345647,-0.00046918522683441383
from_ipod__image__s17,shuffle51871,joint,shuffle51871__joint__g0__h0.0001.npz,0,0.0001,0.9969162252653302,1.9531987673284968e-07,9.969162252653301e-05,0.5333333333333333,-1.3286262982633775e-06,-1.73850522358705e-06,-0.00014926077938610477,-9.950564583581395e-05
from_ipod__image__s17,shuffle51871,joint,shuffle51871__joint__g0__h0.001.npz,0,0.001,0.9969162252653302,1.9493974571646675e-05,0.00099691622526533,0.5333333333333333,1.4146828639335645e-06,-8.41160222751283e-06,-0.0014118478159724087,-0.000978829983015853
from_ipod__image__s17,shuffle51871,joint,shuffle51871__joint__g8__h0.0001.npz,8,0.0001,1.6501211661263104,1.4895834228189016e-06,0.0003063115887489162,0.4666666666666667,-1.775645690267636e-05,-1.7250892452569656e-05,-0.00014303385597876122,-0.00016377779370875173
from_ipod__image__s17,shuffle51871,joint,shuffle51871__joint__g8__h0.001.npz,8,0.001,1.6501211661263104,0.0001485963292198899,0.0030631158874891615,0.4666666666666667,-5.814972502517354e-05,-5.367546680546759e-05,-0.00047978854831267704,-0.0015266408204897364
from_ipod__image__s17,shuffle51871,joint,shuffle51871__joint__g15__h0.0001.npz,15,0.0001,0.7320898177819822,8.952465750270496e-07,0.00021140313164585354,0.6666666666666666,1.371244297976598e-05,1.2541594066210711e-05,-8.41095787375413e-06,-7.252795193317446e-05
from_ipod__image__s17,shuffle51871,joint,shuffle51871__joint__g15__h0.001.npz,15,0.001,0.7320898177819822,8.901117569087283e-05,0.002114031316458535,0.6666666666666666,0.00019876593629915648,0.00017511827921967216,0.00034100398000122014,-0.0006642081193472753
from_ipod__image__s17,shuffle51872,color,shuffle51872__color__g0__h0.0001.npz,0,0.0001,3.0519387521979113,2.122895548078936e-06,0.00035678972499405843,0.6,2.2010874995301665e-05,2.2010874995301672e-05,0.00013130206714535232,-0.00030331817871963903
from_ipod__image__s17,shuffle51872,color,shuffle51872__color__g0__h0.001.npz,0,0.001,3.0519387521979113,0.00021046116297182733,0.0035678972499405843,0.6,0.00036006973562763983,0.00036006973562763994,0.002472363056809552,-0.00286450809344686
from_ipod__image__s17,shuffle51872,color,shuffle51872__color__g8__h0.0001.npz,8,0.0001,2.135670619411046,1.9066101544427364e-06,0.0003324768051959946,0.4666666666666667,-1.9432431005520824e-05,-1.943243100552082e-05,-0.00014914024473810692,-0.00021211964503612746
from_ipod__image__s17,shuffle51872,color,shuffle51872__color__g8__h0.001.npz,8,0.001,2.135670619411046,0.00019058723496711855,0.0033247680519599455,0.4666666666666667,-6.886393448651862e-05,-6.886393448651867e-05,-0.0004486154474628145,-0.001990511261927333
from_ipod__image__s17,shuffle51872,color,shuffle51872__color__g15__h0.0001.npz,15,0.0001,1.725474852194268,1.6814680779811463e-06,0.0003140848443237956,0.6,1.8293781802138303e-05,1.829378180213831e-05,8.503246957972399e-05,-0.0001712231108687249
from_ipod__image__s17,shuffle51872,color,shuffle51872__color__g15__h0.001.npz,15,0.001,1.725474852194268,0.00016782253597340236,0.003140848443237956,0.6,0.00030095141633128665,0.00030095141633128665,0.001755967711870275,-0.0015930898494712366
from_ipod__image__s17,shuffle51872,joint,shuffle51872__joint__g0__h0.0001.npz,0,0.0001,2.988798203295944,2.1651986541117597e-06,0.00037088368438604503,0.6,2.2861231280511327e-05,2.1992188775332292e-05,0.0001274140126584325,-0.0002969563905492042
from_ipod__image__s17,shuffle51872,joint,shuffle51872__joint__g0__h0.001.npz,0,0.001,2.988798203295944,0.00021515786236926833,0.0037088368438604508,0.6,0.00037295008096427753,0.0003604306326910258,0.0024362834182243996,-0.002796604587122195
from_ipod__image__s17,shuffle51872,joint,shuffle51872__joint__g8__h0.0001.npz,8,0.0001,1.9867512759389832,1.6151843690910702e-06,0.0002977309446955168,0.4666666666666667,-1.9527422444424393e-05,-1.8646822586582197e-05,-0.000201609987862633,-0.0001974166567558773
from_ipod__image__s17,shuffle51872,joint,shuffle51872__joint__g8__h0.001.npz,8,0.001,1.9867512759389832,0.00016105428417232163,0.0029773094469551682,0.4666666666666667,-8.557517221874394e-05,-7.758979498292262e-05,-0.0011111142624435962,-0.0018606626481354437
from_ipod__image__s17,shuffle51872,joint,shuffle51872__joint__g15__h0.0001.npz,15,0.0001,1.8454869274944408,1.9306145774330833e-06,0.000351559382025638,0.6,1.968088009149561e-05,1.9447368077412176e-05,6.054753182066471e-05,-0.00018306903978761142
from_ipod__image__s17,shuffle51872,joint,shuffle51872__joint__g15__h0.001.npz,15,0.001,1.8454869274944408,0.00019224442830486038,0.0035155938202563793,0.6,0.00032955285952524237,0.0003244422337694567,0.0016315720085794665,-0.0016976322059891794
from_ipod__image__s17,shuffle51873,color,shuffle51873__color__g0__h0.0001.npz,0,0.0001,3.148766131620988,1.7729070019779358e-06,0.0003148766131620986,0.4666666666666667,-1.8424725378378784e-05,-1.8424725378378798e-05,-9.55794054804235e-05,-0.00031341335903364924
from_ipod__image__s17,shuffle51873,color,shuffle51873__color__g0__h0.001.npz,0,0.001,3.148766131620988,0.00017769291358138924,0.0031487661316209857,0.5333333333333333,-5.3908271700227285e-05,-5.390827170022726e-05,0.0001267154431825172,-0.0030016287789737493
from_ipod__image__s17,shuffle51873,color,shuffle51873__color__g8__h0.0001.npz,8,0.0001,1.2448669687975666,2.0188402530515177e-07,0.0001244866968797567,0.6,-6.516384117423232e-06,-6.516384117423234e-06,-0.00024935085386448293,-0.00012430407076485892
from_ipod__image__s17,shuffle51873,color,shuffle51873__color__g8__h0.001.npz,8,0.001,1.2448669687975666,2.012563442652538e-05,0.001244866968797567,0.6,-5.076813688780173e-05,-5.076813688780174e-05,-0.0023246432465499367,-0.0012266521100074655
from_ipod__image__s17,shuffle51873,color,shuffle51873__color__g15__h0.0001.npz,15,0.0001,1.056929665789198,1.6991997126355174e-06,0.00028096632489014767,0.4,-1.906222005030858e-05,-1.906222005030858e-05,-0.00013598993231620844,-0.00010442818625894442
from_ipod__image__s17,shuffle51873,color,shuffle51873__color__g15__h0.001.npz,15,0.001,1.056929665789198,0.0001701170340605727,0.0028096632489014763,0.4666666666666667,-6.320899177614405e-05,-6.320899177614401e-05,-0.0003124084701531199,-0.0009408572953052286
from_ipod__image__s17,shuffle51873,joint,shuffle51873__joint__g0__h0.0001.npz,0,0.0001,3.065562704782435,1.8210611960405192e-06,0.00030655627047824325,0.4666666666666667,-1.9572939792783215e-05,-1.853660061154181e-05,-0.0001065682886680151,-0.00030503091630648156
from_ipod__image__s17,shuffle51873,joint,shuffle51873__joint__g0__h0.001.npz,0,0.001,3.065562704782435,0.0001824904670178867,0.003065562704782432,0.4666666666666667,-6.053749301242965e-05,-5.4942682584170295e-05,1.689644463333555e-05,-0.0029122014592453493
from_ipod__image__s17,shuffle51873,joint,shuffle51873__joint__g8__h0.0001.npz,8,0.0001,1.169297171884261,2.816313749388825e-07,0.0001169297171884261,0.6,-8.974700285987011e-06,-8.321240991371951e-06,-0.0002517514292038634,-0.00011670308942933122
from_ipod__image__s17,shuffle51873,joint,shuffle51873__joint__g8__h0.001.npz,8,0.001,1.169297171884261,2.8103114399437614e-05,0.0011692971718842609,0.6666666666666666,-6.962243046448558e-05,-6.626866555762951e-05,-0.0023299583562486977,-0.0011466828761446252
from_ipod__image__s17,shuffle51873,joint,shuffle51873__joint__g15__h0.0001.npz,15,0.0001,1.053842871839338,1.5017371923299648e-06,0.0002584962877857023,0.4,-1.9378691326622477e-05,-1.8491073302473473e-05,-0.00017547094180596104,-0.00010423426770371673
from_ipod__image__s17,shuffle51873,joint,shuffle51873__joint__g15__h0.001.npz,15,0.001,1.053842871839338,0.00015017539408985884,0.002584962877857023,0.4666666666666667,-7.960763525688563e-05,-7.171313119058129e-05,-0.0008199182141454665,-0.0009485605595210755
from_ipod__person_color__s17,person,color,person__color__g0__h0.0001.npz,0,0.0001,0.8541024383001377,7.411665691495716e-07,0.0002578431049983602,0.5333333333333333,-9.134002208565766e-06,-9.134002208565764e-06,7.393190027867495e-05,-8.526318863686078e-05
from_ipod__person_color__s17,person,color,person__color__g0__h0.001.npz,0,0.001,0.8541024383001377,7.38940477841537e-05,0.0025784310499836023,0.6,-5.051021238835287e-05,-5.05102123883529e-05,0.00108052637504954,-0.0008393985531602572
from_ipod__person_color__s17,person,color,person__color__g8__h0.0001.npz,8,0.0001,1.2473330207070583,4.7089675605020925e-07,0.00014567445842315912,0.6,-9.926835726844424e-06,-9.926835726844426e-06,-9.985400215107391e-05,-0.00012450539022446384
from_ipod__person_color__s17,person,color,person__color__g8__h0.001.npz,8,0.001,1.2473330207070583,4.702951811361291e-05,0.001456744584231591,0.6,-7.308966258020577e-05,-7.308966258020582e-05,-0.0008087833314808608,-0.001224590236208123
from_ipod__person_color__s17,person,color,person__color__g15__h0.0001.npz,15,0.0001,1.0733205658035359,1.2743703782993753e-06,0.0004130016336474349,0.5333333333333333,-4.642176840180251e-06,-4.642176840180255e-06,9.607052940578621e-05,-0.00010619490993287961
from_ipod__person_color__s17,person,color,person__color__g15__h0.001.npz,15,0.001,1.0733205658035359,0.0001267449392159313,0.004130016336474349,0.5333333333333333,1.9318759368024672e-05,1.9318759368024486e-05,0.0015752161764955046,-0.0009598116260889976
from_ipod__person_color__s17,person,joint,person__joint__g0__h0.0001.npz,0,0.0001,0.7944033646921892,5.994142891269882e-07,0.0002241954783690146,0.6,-9.145755023063625e-06,-7.542214039899461e-06,4.676395726233899e-05,-7.93098597978273e-05
from_ipod__person_color__s17,person,joint,person__joint__g0__h0.001.npz,0,0.001,0.7944033646921892,5.97546352746636e-05,0.0022419547836901458,0.6,-5.828519913653472e-05,-4.368059903966803e-05,0.0007241545733673894,-0.0007813591857375
from_ipod__person_color__s17,person,joint,person__joint__g8__h0.0001.npz,8,0.0001,1.2440129485916862,7.800229498808832e-07,0.00015492738941691713,0.5333333333333333,-1.6756564388752625e-05,-1.4909473547727045e-05,-1.636836860205338e-05,-0.00012406324273608673
from_ipod__person_color__s17,person,joint,person__joint__g8__h0.001.npz,8,0.001,1.2440129485916862,7.784650780693464e-05,0.0015492738941691713,0.6,-0.00012612289480047853,-0.00010875116449176112,0.0001551539784100711,-0.001210232155742513
from_ipod__person_color__s17,person,joint,person__joint__g15__h0.0001.npz,15,0.0001,1.0866609702009595,1.1243164594145795e-06,0.00038144231082192024,0.5333333333333333,-2.7716080723834716e-06,-3.2131174696398596e-06,7.665035665534396e-05,-0.0001076655864969071
from_ipod__person_color__s17,person,joint,person__joint__g15__h0.001.npz,15,0.001,1.0866609702009595,0.00011175399564769686,0.003814423108219202,0.5333333333333333,3.105607519135959e-05,2.5829498671292193e-05,0.0013160891826198991,-0.0009868727226857738
from_ipod__person_color__s17,shuffle51871,color,shuffle51871__color__g0__h0.0001.npz,0,0.0001,0.7014613043301048,8.41852810605953e-08,7.014613043301057e-05,0.5333333333333333,-1.983520585007587e-06,-1.9835205850075866e-06,-9.188580193941062e-06,-7.006900156320816e-05
from_ipod__person_color__s17,shuffle51871,color,shuffle51871__color__g0__h0.001.npz,0,0.001,0.7014613043301048,8.387134336947873e-06,0.0007014613043301057,0.5333333333333333,-1.3021335649395667e-05,-1.302133564939567e-05,-4.735284486440677e-06,-0.0006937624937747113
from_ipod__person_color__s17,shuffle51871,color,shuffle51871__color__g8__h0.0001.npz,8,0.0001,1.677584014146469,1.6278510078728788e-06,0.0002457226626715829,0.4666666666666667,-1.437787261143424e-05,-1.437787261143424e-05,0.00012244084833441736,-0.00016654789005481993
from_ipod__person_color__s17,shuffle51871,color,shuffle51871__color__g8__h0.001.npz,8,0.001,1.677584014146469,0.00016275438341504332,0.0024572266267158284,0.5333333333333333,-2.0578851847160917e-05,-2.0578851847160822e-05,0.002294628087404681,-0.0015563869199525155
from_ipod__person_color__s17,shuffle51871,color,shuffle51871__color__g15__h0.0001.npz,15,0.0001,0.6689652544073279,2.551521616144452e-07,6.899319838709502e-05,0.4,-1.2009824154741046e-05,-1.2009824154741048e-05,-6.024770012832274e-05,-6.665204311285656e-05
from_ipod__person_color__s17,shuffle51871,color,shuffle51871__color__g15__h0.001.npz,15,0.001,0.6689652544073279,2.5538772977088768e-05,0.0006899319838709502,0.4666666666666667,-9.984554294447409e-05,-9.98455429444741e-05,-0.00039838438087735786,-0.0006445513268260212
from_ipod__person_color__s17,shuffle51871,joint,shuffle51871__joint__g0__h0.0001.npz,0,0.0001,0.8042981086894309,5.064006294038361e-07,0.00016879339387284925,0.6,8.626918456470632e-06,6.026585892607356e-06,-0.0001315650539331838,-8.010935985830203e-05
from_ipod__person_color__s17,shuffle51871,joint,shuffle51871__joint__g0__h0.001.npz,0,0.001,0.8042981086894309,5.0493409656335525e-05,0.0016879339387284925,0.6,0.00012272532590115737,9.326294444566993e-05,-0.0009893911733617493,-0.000772344218700013
from_ipod__person_color__s17,shuffle51871,joint,shuffle51871__joint__g8__h0.0001.npz,8,0.0001,1.5039498204987585,1.3082883069870165e-06,0.00022065999200323282,0.4666666666666667,-1.0859564300527627e-05,-1.1238464156550417e-05,5.582541857687423e-05,-0.00014936597618590706
from_ipod__person_color__s17,shuffle51871,joint,shuffle51871__joint__g8__h0.001.npz,8,0.001,1.5039498204987585,0.00013059294386274958,0.002206599920032328,0.5333333333333333,-8.662972349157225e-06,-1.3212648078859864e-05,0.0014050821266859204,-0.0014010609285629715
from_ipod__person_color__s17,shuffle51871,joint,shuffle51871__joint__g15__h0.0001.npz,15,0.0001,0.6667101096220825,3.112654944317787e-07,8.437213633713522e-05,0.4,-4.688062978939151e-06,-7.023793579656506e-06,-0.00013929030087126912,-6.6395725441941e-05
from_ipod__person_color__s17,shuffle51871,joint,shuffle51871__joint__g15__h0.001.npz,15,0.001,0.6667101096220825,3.1097984252289484e-05,0.0008437213633713522,0.4666666666666667,-2.465723955514346e-05,-5.0632096374128756e-05,-0.0012194922537665791,-0.0006392575025115557
from_ipod__person_color__s17,shuffle51872,color,shuffle51872__color__g0__h0.0001.npz,0,0.0001,2.550695741990336,1.970799967944165e-06,0.0003183628284050211,0.6,1.6038253682971447e-05,1.603825368297145e-05,-0.0001497162104517699,-0.00025343127726252016
from_ipod__person_color__s17,shuffle51872,color,shuffle51872__color__g0__h0.001.npz,0,0.001,2.550695741990336,0.00019642406768106708,0.0031836282840502113,0.6,0.0002861645324829448,0.00028616453248294483,-0.0003566801800931607,-0.0023868056113528825
from_ipod__person_color__s17,shuffle51872,color,shuffle51872__color__g8__h0.0001.npz,8,0.0001,1.7799485688616317,1.8420197521700334e-06,0.00030625760456883417,0.4666666666666667,-1.0504285051145566e-05,-1.050428505114557e-05,0.00015233600020520048,-0.00017659281317332985
from_ipod__person_color__s17,shuffle51872,color,shuffle51872__color__g8__h0.001.npz,8,0.001,1.7799485688616317,0.00018413067277691904,0.0030625760456883416,0.4666666666666667,1.4015467860320453e-05,1.4015467860320517e-05,0.002607556481218533,-0.0016395612670624276
from_ipod__person_color__s17,shuffle51872,color,shuffle51872__color__g15__h0.0001.npz,15,0.0001,1.3523331172625257,1.5233374915063047e-06,0.00029096308057964613,0.6,1.4560646607721559e-05,1.456064660772156e-05,-5.474669375220846e-05,-0.0001340118630492219
from_ipod__person_color__s17,shuffle51872,color,shuffle51872__color__g15__h0.001.npz,15,0.001,1.3523331172625257,0.00015219457227807,0.002909630805796461,0.6,0.0002526584251090798,0.0002526584251090798,0.0003541715534293898,-0.001230208656905602
from_ipod__person_color__s17,shuffle51872,joint,shuffle51872__joint__g0__h0.0001.npz,0,0.0001,2.2619364597032336,1.9958705765248748e-06,0.00033350159053363945,0.6,1.8465543310606926e-05,1.543982420585354e-05,-0.00013884821595811896,-0.00022451350732992007
from_ipod__person_color__s17,shuffle51872,joint,shuffle51872__joint__g0__h0.001.npz,0,0.001,2.2619364597032336,0.0001990115444396234,0.003335015905336395,0.6,0.00031523931877106915,0.0002793603227691246,-0.0002557832805018535,-0.002093890777686968
from_ipod__person_color__s17,shuffle51872,joint,shuffle51872__joint__g8__h0.0001.npz,8,0.0001,1.661268258646301,1.4707540624301436e-06,0.00027603338116422005,0.4666666666666667,-7.056413485644239e-06,-7.392457622672245e-06,8.630507346049923e-05,-0.00016493489375520867
from_ipod__person_color__s17,shuffle51872,joint,shuffle51872__joint__g8__h0.001.npz,8,0.001,1.661268258646301,0.00014692030623830515,0.0027603338116422007,0.4666666666666667,3.012376297733845e-05,2.5700094642747488e-05,0.001772465735476465,-0.0015420410325401447
from_ipod__person_color__s17,shuffle51872,joint,shuffle51872__joint__g15__h0.0001.npz,15,0.0001,1.4457680698966775,1.7717368125432637e-06,0.0003223970328873383,0.6,1.8672076131842394e-05,1.633881401620816e-05,-9.34607909667737e-05,-0.00014321014598106077
from_ipod__person_color__s17,shuffle51872,joint,shuffle51872__joint__g15__h0.001.npz,15,0.001,1.4457680698966775,0.00017685173385992552,0.003223970328873383,0.6,0.00030825786418938557,0.00028125348702074093,7.771059428540761e-05,-0.0013092044435620443
from_ipod__person_color__s17,shuffle51873,color,shuffle51873__color__g0__h0.0001.npz,0,0.0001,3.13858034534452,1.6257328967926512e-06,0.0003138580345344517,0.5333333333333333,-1.3648433025155815e-05,-1.3648433025155813e-05,0.00014521060044743765,-0.00031235036853006137
from_ipod__person_color__s17,shuffle51873,color,shuffle51873__color__g0__h0.001.npz,0,0.001,3.13858034534452,0.00016080422722284,0.0031385803453445166,0.5333333333333333,-1.7326608558203602e-05,-1.7326608558203718e-05,0.002521977930264901,-0.0029876757661000536
from_ipod__person_color__s17,shuffle51873,color,shuffle51873__color__g8__h0.0001.npz,8,0.0001,0.7625976026942061,1.3489166064742624e-07,0.00010905432346786376,0.6666666666666666,1.0932419768735543e-05,1.093241976873554e-05,-0.00010543145408021162,-7.612486860877314e-05
from_ipod__person_color__s17,shuffle51873,color,shuffle51873__color__g8__h0.001.npz,8,0.001,0.7625976026942061,1.3471517624974168e-05,0.0010905432346786377,0.6666666666666666,0.0001180307696778665,0.00011803076967786652,-0.0009513173792359919,-0.0007491260850692314
from_ipod__person_color__s17,shuffle51873,color,shuffle51873__color__g15__h0.0001.npz,15,0.0001,1.159426487865743,1.681611889059806e-06,0.00028958060706789146,0.5333333333333333,-1.7067730180402827e-05,-1.7067730180402827e-05,0.00014443303489214721,-0.00011482212434208708
from_ipod__person_color__s17,shuffle51873,color,shuffle51873__color__g15__h0.001.npz,15,0.001,1.159426487865743,0.00016591644706298462,0.0028958060706789144,0.5333333333333333,-4.8178233159670836e-05,-4.81782331596709e-05,0.0025179228971124734,-0.0010480960097842434
from_ipod__person_color__s17,shuffle51873,joint,shuffle51873__joint__g0__h0.0001.npz,0,0.0001,3.116139958374087,1.6651833636365627e-06,0.0003116139958374085,0.4666666666666667,-1.54657494471877e-05,-1.3416868889948526e-05,0.0001396195235085828,-0.00031006943485560655
from_ipod__person_color__s17,shuffle51873,joint,shuffle51873__joint__g0__h0.001.npz,0,0.001,3.116139958374087,0.00016411095269364871,0.003116139958374085,0.5333333333333333,-3.2126257796392656e-05,-1.5813936167381323e-05,0.002458638690591395,-0.002961546909194568
from_ipod__person_color__s17,shuffle51873,joint,shuffle51873__joint__g8__h0.0001.npz,8,0.0001,0.6420138785467967,1.1388057461188212e-07,6.420138785467949e-05,0.7333333333333333,1.0131150295086006e-05,7.499702594967513e-06,-3.709952549947848e-05,-6.410777456242326e-05
from_ipod__person_color__s17,shuffle51873,joint,shuffle51873__joint__g8__h0.001.npz,8,0.001,0.6420138785467967,1.1370480168841206e-05,0.0006420138785467949,0.7333333333333333,0.00010979615836759937,8.216574046307436e-05,-0.00029378833569211724,-0.0006326582367906215
from_ipod__person_color__s17,shuffle51873,joint,shuffle51873__joint__g15__h0.0001.npz,15,0.0001,1.0552265921839636,1.6587461822796241e-06,0.0002842176065764856,0.4666666666666667,-1.8247246590116446e-05,-1.6243826142231844e-05,0.00011722675664452447,-0.00010441568210219631
from_ipod__person_color__s17,shuffle51873,joint,shuffle51873__joint__g15__h0.001.npz,15,0.001,1.0552265921839636,0.00016351427298088445,0.0028421760657648563,0.5333333333333333,-6.0980303809631995e-05,-4.4416770067821544e-05,0.0021965698085209557,-0.0009452639639299026
