role,method,recipe,endpoint_recipe,average_error,endpoint_error,difference
mixed,pair,pair_v16_r0_t8192,last_v16_r0_t8192,5.690286669793906,5.6737763745770975,0.01651029521680858
mixed,prefix,prefix_v0_r0_t8192,last_v0_r0_t8192,5.693564566713197,5.674059337267131,0.019505229446065364
mixed,tail3,tail3_v0_r0_t32768,last_v0_r0_t32768,5.616105702430978,5.585071818570788,0.031033883860190237
slr_to_ipod,pair,pair_v0_r1_t512,last_v0_r1_t512,8.296030001825493,8.299650579752255,-0.0036205779267621807
slr_to_ipod,prefix,prefix_v256_r0_t32768,last_v256_r0_t32768,8.381400727360763,8.604789689555995,-0.22338896219523185
slr_to_ipod,tail3,tail3_v256_r0_t32768,last_v256_r0_t32768,8.40850538423262,8.604789689555995,-0.19628430532337404
ipod_to_slr,pair,pair_v0_r0_t8192,last_v0_r0_t8192,8.633979643228892,8.579230304805202,0.05474933842369012
ipod_to_slr,prefix,prefix_v0_r0_t8192,last_v0_r0_t8192,8.64008259665731,8.579230304805202,0.0608522918521075
ipod_to_slr,tail3,tail3_v0_r0_t32768,last_v0_r0_t32768,8.882841672635404,8.849871098618372,0.03297057401703185
