role,group,family,basis,dose,worst_person_error
ipod_to_slr,constant,constant,reference,0.00392156862745098,10.599714714277194
ipod_to_slr,constant,constant,reference,0.01568627450980392,10.599714714277194
ipod_to_slr,constant,constant,reference,0.06274509803921569,10.599714714277194
ipod_to_slr,constant,constant,reference,0.25098039215686274,10.599714714277194
ipod_to_slr,mean3,fg_norm_static,reference,0.00392156862745098,8.36404422197932
ipod_to_slr,mean3,fg_norm_static,reference,0.01568627450980392,9.036890578257957
ipod_to_slr,mean3,fg_norm_static,reference,0.06274509803921569,12.281734408138524
ipod_to_slr,mean3,fg_norm_static,reference,0.25098039215686274,24.288421833040093
ipod_to_slr,mean3,norm,adam_e1,0.00392156862745098,8.841600098599487
ipod_to_slr,mean3,norm,adam_e1,0.01568627450980392,9.565556578431256
ipod_to_slr,mean3,norm,adam_e1,0.06274509803921569,13.156420994124813
ipod_to_slr,mean3,norm,adam_e1,0.25098039215686274,33.36792211584645
ipod_to_slr,mean3,norm,adam_e16,0.00392156862745098,9.555682354742823
ipod_to_slr,mean3,norm,adam_e16,0.01568627450980392,10.289007637146563
ipod_to_slr,mean3,norm,adam_e16,0.06274509803921569,13.74865118158685
ipod_to_slr,mean3,norm,adam_e16,0.25098039215686274,34.24773442764204
ipod_to_slr,mean3,norm,adam_e4,0.00392156862745098,9.096954562310872
ipod_to_slr,mean3,norm,adam_e4,0.01568627450980392,9.766326626328013
ipod_to_slr,mean3,norm,adam_e4,0.06274509803921569,13.041283182880086
ipod_to_slr,mean3,norm,adam_e4,0.25098039215686274,34.50771802800427
ipod_to_slr,mean3,norm,random,0.00392156862745098,8.916100207009448
ipod_to_slr,mean3,norm,random,0.01568627450980392,9.594126469842461
ipod_to_slr,mean3,norm,random,0.06274509803921569,12.843513097595414
ipod_to_slr,mean3,norm,random,0.25098039215686274,32.20764626856889
ipod_to_slr,mean3,norm,tagi_full3_e1,0.00392156862745098,8.76541276478464
ipod_to_slr,mean3,norm,tagi_full3_e1,0.01568627450980392,9.480196551798912
ipod_to_slr,mean3,norm,tagi_full3_e1,0.06274509803921569,12.77239210411318
ipod_to_slr,mean3,norm,tagi_full3_e1,0.25098039215686274,34.50605683608266
ipod_to_slr,mean3,norm,tagi_full3_e16,0.00392156862745098,9.06637268783392
ipod_to_slr,mean3,norm,tagi_full3_e16,0.01568627450980392,9.774277070722887
ipod_to_slr,mean3,norm,tagi_full3_e16,0.06274509803921569,13.163767526769746
ipod_to_slr,mean3,norm,tagi_full3_e16,0.25098039215686274,34.8970246500038
ipod_to_slr,mean3,norm,tagi_full3_e4,0.00392156862745098,8.626490075406135
ipod_to_slr,mean3,norm,tagi_full3_e4,0.01568627450980392,9.376301489480998
ipod_to_slr,mean3,norm,tagi_full3_e4,0.06274509803921569,12.819648150113167
ipod_to_slr,mean3,norm,tagi_full3_e4,0.25098039215686274,34.46638726616656
ipod_to_slr,mean3,perceptual,adam_e1,0.00392156862745098,8.525627185356921
ipod_to_slr,mean3,perceptual,adam_e1,0.01568627450980392,9.250071489969171
ipod_to_slr,mean3,perceptual,adam_e1,0.06274509803921569,12.666970884728329
ipod_to_slr,mean3,perceptual,adam_e1,0.25098039215686274,31.412501872862737
ipod_to_slr,mean3,perceptual,adam_e16,0.00392156862745098,9.463694627636487
ipod_to_slr,mean3,perceptual,adam_e16,0.01568627450980392,10.242270056081152
ipod_to_slr,mean3,perceptual,adam_e16,0.06274509803921569,13.67100490395297
ipod_to_slr,mean3,perceptual,adam_e16,0.25098039215686274,33.021645955613366
ipod_to_slr,mean3,perceptual,adam_e4,0.00392156862745098,8.868991631454728
ipod_to_slr,mean3,perceptual,adam_e4,0.01568627450980392,9.556317516207857
ipod_to_slr,mean3,perceptual,adam_e4,0.06274509803921569,12.608903881183407
ipod_to_slr,mean3,perceptual,adam_e4,0.25098039215686274,31.734138288485052
ipod_to_slr,mean3,perceptual,random,0.00392156862745098,8.538206666687834
ipod_to_slr,mean3,perceptual,random,0.01568627450980392,9.219155994022149
ipod_to_slr,mean3,perceptual,random,0.06274509803921569,12.286197148391766
ipod_to_slr,mean3,perceptual,random,0.25098039215686274,31.646930758639133
ipod_to_slr,mean3,perceptual,tagi_full3_e1,0.00392156862745098,8.441609834886219
ipod_to_slr,mean3,perceptual,tagi_full3_e1,0.01568627450980392,9.162179006266333
ipod_to_slr,mean3,perceptual,tagi_full3_e1,0.06274509803921569,12.237401989284997
ipod_to_slr,mean3,perceptual,tagi_full3_e1,0.25098039215686274,33.97859909322549
ipod_to_slr,mean3,perceptual,tagi_full3_e16,0.00392156862745098,8.738928776342634
ipod_to_slr,mean3,perceptual,tagi_full3_e16,0.01568627450980392,9.5205347422866
ipod_to_slr,mean3,perceptual,tagi_full3_e16,0.06274509803921569,12.997471884788544
ipod_to_slr,mean3,perceptual,tagi_full3_e16,0.25098039215686274,33.62085573618782
ipod_to_slr,mean3,perceptual,tagi_full3_e4,0.00392156862745098,8.313871447252803
ipod_to_slr,mean3,perceptual,tagi_full3_e4,0.01568627450980392,9.1198911385631
ipod_to_slr,mean3,perceptual,tagi_full3_e4,0.06274509803921569,12.57852363408666
ipod_to_slr,mean3,perceptual,tagi_full3_e4,0.25098039215686274,33.29348497351826
ipod_to_slr,mean3,unchanged,adam_e1,0.00392156862745098,8.32851475524006
ipod_to_slr,mean3,unchanged,adam_e1,0.01568627450980392,8.775392596601508
ipod_to_slr,mean3,unchanged,adam_e1,0.06274509803921569,10.670566201448132
ipod_to_slr,mean3,unchanged,adam_e1,0.25098039215686274,19.021807968302245
ipod_to_slr,mean3,unchanged,adam_e16,0.00392156862745098,9.717820120755784
ipod_to_slr,mean3,unchanged,adam_e16,0.01568627450980392,10.334106579339227
ipod_to_slr,mean3,unchanged,adam_e16,0.06274509803921569,13.326542426245666
ipod_to_slr,mean3,unchanged,adam_e16,0.25098039215686274,29.315152611431603
ipod_to_slr,mean3,unchanged,adam_e4,0.00392156862745098,8.84810619683367
ipod_to_slr,mean3,unchanged,adam_e4,0.01568627450980392,9.502786552151152
ipod_to_slr,mean3,unchanged,adam_e4,0.06274509803921569,12.511295898764459
ipod_to_slr,mean3,unchanged,adam_e4,0.25098039215686274,25.879078187580088
ipod_to_slr,mean3,unchanged,tagi_full3_e1,0.00392156862745098,8.383268196768464
ipod_to_slr,mean3,unchanged,tagi_full3_e1,0.01568627450980392,9.0329644942429
ipod_to_slr,mean3,unchanged,tagi_full3_e1,0.06274509803921569,12.023935498727203
ipod_to_slr,mean3,unchanged,tagi_full3_e1,0.25098039215686274,26.044912826853587
ipod_to_slr,mean3,unchanged,tagi_full3_e16,0.00392156862745098,8.786296545422518
ipod_to_slr,mean3,unchanged,tagi_full3_e16,0.01568627450980392,9.44689914170283
ipod_to_slr,mean3,unchanged,tagi_full3_e16,0.06274509803921569,12.697842136922077
ipod_to_slr,mean3,unchanged,tagi_full3_e16,0.25098039215686274,29.951414565650982
ipod_to_slr,mean3,unchanged,tagi_full3_e4,0.00392156862745098,8.915227903470333
ipod_to_slr,mean3,unchanged,tagi_full3_e4,0.01568627450980392,9.593525221841613
ipod_to_slr,mean3,unchanged,tagi_full3_e4,0.06274509803921569,12.86302742072437
ipod_to_slr,mean3,unchanged,tagi_full3_e4,0.25098039215686274,28.677584880371807
ipod_to_slr,raw36,fg_norm_static,reference,0.00392156862745098,8.898570787985697
ipod_to_slr,raw36,fg_norm_static,reference,0.01568627450980392,9.5191237242932
ipod_to_slr,raw36,fg_norm_static,reference,0.06274509803921569,12.423209031184449
ipod_to_slr,raw36,fg_norm_static,reference,0.25098039215686274,21.96571823606696
ipod_to_slr,raw36,norm,adam_e1,0.00392156862745098,8.80058195012146
ipod_to_slr,raw36,norm,adam_e1,0.01568627450980392,9.860202532222619
ipod_to_slr,raw36,norm,adam_e1,0.06274509803921569,14.862366143926067
ipod_to_slr,raw36,norm,adam_e1,0.25098039215686274,35.042297098637064
ipod_to_slr,raw36,norm,adam_e16,0.00392156862745098,10.398498192094012
ipod_to_slr,raw36,norm,adam_e16,0.01568627450980392,11.464608467186205
ipod_to_slr,raw36,norm,adam_e16,0.06274509803921569,16.56444078343522
ipod_to_slr,raw36,norm,adam_e16,0.25098039215686274,36.887514349970566
ipod_to_slr,raw36,norm,adam_e4,0.00392156862745098,9.390829515493499
ipod_to_slr,raw36,norm,adam_e4,0.01568627450980392,10.50539781532369
ipod_to_slr,raw36,norm,adam_e4,0.06274509803921569,15.851279412634364
ipod_to_slr,raw36,norm,adam_e4,0.25098039215686274,36.370829381717854
ipod_to_slr,raw36,norm,random,0.00392156862745098,9.07972117371638
ipod_to_slr,raw36,norm,random,0.01568627450980392,9.995971123070786
ipod_to_slr,raw36,norm,random,0.06274509803921569,14.245321286965826
ipod_to_slr,raw36,norm,random,0.25098039215686274,33.390960159060526
ipod_to_slr,raw36,norm,tagi_full3_e1,0.00392156862745098,9.130367119399342
ipod_to_slr,raw36,norm,tagi_full3_e1,0.01568627450980392,10.214978200419257
ipod_to_slr,raw36,norm,tagi_full3_e1,0.06274509803921569,15.156558346492323
ipod_to_slr,raw36,norm,tagi_full3_e1,0.25098039215686274,34.54823661641913
ipod_to_slr,raw36,norm,tagi_full3_e16,0.00392156862745098,9.695271449588732
ipod_to_slr,raw36,norm,tagi_full3_e16,0.01568627450980392,10.812059996643988
ipod_to_slr,raw36,norm,tagi_full3_e16,0.06274509803921569,15.998460240027432
ipod_to_slr,raw36,norm,tagi_full3_e16,0.25098039215686274,35.4265839349807
ipod_to_slr,raw36,norm,tagi_full3_e4,0.00392156862745098,9.415614548987238
ipod_to_slr,raw36,norm,tagi_full3_e4,0.01568627450980392,10.566447640285919
ipod_to_slr,raw36,norm,tagi_full3_e4,0.06274509803921569,15.832844478103889
ipod_to_slr,raw36,norm,tagi_full3_e4,0.25098039215686274,35.63298220927478
ipod_to_slr,raw36,perceptual,adam_e1,0.00392156862745098,8.759874538998618
ipod_to_slr,raw36,perceptual,adam_e1,0.01568627450980392,9.814275256348076
ipod_to_slr,raw36,perceptual,adam_e1,0.06274509803921569,14.786026085440604
ipod_to_slr,raw36,perceptual,adam_e1,0.25098039215686274,34.65861300180832
ipod_to_slr,raw36,perceptual,adam_e16,0.00392156862745098,10.398432507505012
ipod_to_slr,raw36,perceptual,adam_e16,0.01568627450980392,11.46135596168949
ipod_to_slr,raw36,perceptual,adam_e16,0.06274509803921569,16.5232600664243
ipod_to_slr,raw36,perceptual,adam_e16,0.25098039215686274,36.49272190664339
ipod_to_slr,raw36,perceptual,adam_e4,0.00392156862745098,9.304362928382508
ipod_to_slr,raw36,perceptual,adam_e4,0.01568627450980392,10.427357567758024
ipod_to_slr,raw36,perceptual,adam_e4,0.06274509803921569,15.821431275730816
ipod_to_slr,raw36,perceptual,adam_e4,0.25098039215686274,36.284544129531014
ipod_to_slr,raw36,perceptual,random,0.00392156862745098,9.102689382146247
ipod_to_slr,raw36,perceptual,random,0.01568627450980392,9.990172723185713
ipod_to_slr,raw36,perceptual,random,0.06274509803921569,14.083999744869011
ipod_to_slr,raw36,perceptual,random,0.25098039215686274,32.400324355062075
ipod_to_slr,raw36,perceptual,tagi_full3_e1,0.00392156862745098,9.175077132811893
ipod_to_slr,raw36,perceptual,tagi_full3_e1,0.01568627450980392,10.256192783906377
ipod_to_slr,raw36,perceptual,tagi_full3_e1,0.06274509803921569,15.195551025934938
ipod_to_slr,raw36,perceptual,tagi_full3_e1,0.25098039215686274,34.2844932641809
ipod_to_slr,raw36,perceptual,tagi_full3_e16,0.00392156862745098,9.93297048742157
ipod_to_slr,raw36,perceptual,tagi_full3_e16,0.01568627450980392,11.067144039086282
ipod_to_slr,raw36,perceptual,tagi_full3_e16,0.06274509803921569,16.316598448940653
ipod_to_slr,raw36,perceptual,tagi_full3_e16,0.25098039215686274,35.18134942450832
ipod_to_slr,raw36,perceptual,tagi_full3_e4,0.00392156862745098,9.667342992754346
ipod_to_slr,raw36,perceptual,tagi_full3_e4,0.01568627450980392,10.842653125962835
ipod_to_slr,raw36,perceptual,tagi_full3_e4,0.06274509803921569,16.14608019463091
ipod_to_slr,raw36,perceptual,tagi_full3_e4,0.25098039215686274,35.45809334189453
ipod_to_slr,raw36,unchanged,adam_e1,0.00392156862745098,7.059275259038285
ipod_to_slr,raw36,unchanged,adam_e1,0.01568627450980392,7.843361482854589
ipod_to_slr,raw36,unchanged,adam_e1,0.06274509803921569,11.605837645480728
ipod_to_slr,raw36,unchanged,adam_e1,0.25098039215686274,29.992774581728934
ipod_to_slr,raw36,unchanged,adam_e16,0.00392156862745098,11.445109637718772
ipod_to_slr,raw36,unchanged,adam_e16,0.01568627450980392,12.461619589796916
ipod_to_slr,raw36,unchanged,adam_e16,0.06274509803921569,17.161312360143537
ipod_to_slr,raw36,unchanged,adam_e16,0.25098039215686274,36.5417390470849
ipod_to_slr,raw36,unchanged,adam_e4,0.00392156862745098,9.877888444272743
ipod_to_slr,raw36,unchanged,adam_e4,0.01568627450980392,10.74039214607908
ipod_to_slr,raw36,unchanged,adam_e4,0.06274509803921569,14.779607862706497
ipod_to_slr,raw36,unchanged,adam_e4,0.25098039215686274,31.77733242033914
ipod_to_slr,raw36,unchanged,tagi_full3_e1,0.00392156862745098,9.437164452500996
ipod_to_slr,raw36,unchanged,tagi_full3_e1,0.01568627450980392,10.410269369605809
ipod_to_slr,raw36,unchanged,tagi_full3_e1,0.06274509803921569,14.888353074620044
ipod_to_slr,raw36,unchanged,tagi_full3_e1,0.25098039215686274,33.7497461526423
ipod_to_slr,raw36,unchanged,tagi_full3_e16,0.00392156862745098,9.79558822403488
ipod_to_slr,raw36,unchanged,tagi_full3_e16,0.01568627450980392,10.822485762431162
ipod_to_slr,raw36,unchanged,tagi_full3_e16,0.06274509803921569,15.525854630955976
ipod_to_slr,raw36,unchanged,tagi_full3_e16,0.25098039215686274,34.058956703843705
ipod_to_slr,raw36,unchanged,tagi_full3_e4,0.00392156862745098,9.382039749603068
ipod_to_slr,raw36,unchanged,tagi_full3_e4,0.01568627450980392,10.339945922045715
ipod_to_slr,raw36,unchanged,tagi_full3_e4,0.06274509803921569,14.718763906039769
ipod_to_slr,raw36,unchanged,tagi_full3_e4,0.25098039215686274,32.98761386312218
mixed,constant,constant,reference,0.00392156862745098,13.656916792442855
mixed,constant,constant,reference,0.01568627450980392,13.656916792442855
mixed,constant,constant,reference,0.06274509803921569,13.656916792442855
mixed,constant,constant,reference,0.25098039215686274,13.656916792442855
mixed,mean3,fg_norm_static,reference,0.00392156862745098,6.83825288147944
mixed,mean3,fg_norm_static,reference,0.01568627450980392,7.773540242451145
mixed,mean3,fg_norm_static,reference,0.06274509803921569,11.975398740351833
mixed,mean3,fg_norm_static,reference,0.25098039215686274,29.039728180945374
mixed,mean3,norm,adam_e1,0.00392156862745098,6.921065342557864
mixed,mean3,norm,adam_e1,0.01568627450980392,8.071901404956735
mixed,mean3,norm,adam_e1,0.06274509803921569,17.14729343460035
mixed,mean3,norm,adam_e1,0.25098039215686274,67.91352116370639
mixed,mean3,norm,adam_e16,0.00392156862745098,6.938053867813214
mixed,mean3,norm,adam_e16,0.01568627450980392,7.959856062049144
mixed,mean3,norm,adam_e16,0.06274509803921569,12.376178861229263
mixed,mean3,norm,adam_e16,0.25098039215686274,28.326601884004145
mixed,mean3,norm,adam_e4,0.00392156862745098,7.075782195841676
mixed,mean3,norm,adam_e4,0.01568627450980392,8.060162614274638
mixed,mean3,norm,adam_e4,0.06274509803921569,12.300822115551016
mixed,mean3,norm,adam_e4,0.25098039215686274,33.3629326421398
mixed,mean3,norm,random,0.00392156862745098,7.121976513611107
mixed,mean3,norm,random,0.01568627450980392,8.183672062204714
mixed,mean3,norm,random,0.06274509803921569,12.73282402204318
mixed,mean3,norm,random,0.25098039215686274,33.69436610333194
mixed,mean3,norm,tagi_full3_e1,0.00392156862745098,7.074752235451119
mixed,mean3,norm,tagi_full3_e1,0.01568627450980392,8.070077825977863
mixed,mean3,norm,tagi_full3_e1,0.06274509803921569,12.474360454143714
mixed,mean3,norm,tagi_full3_e1,0.25098039215686274,30.253494279016284
mixed,mean3,norm,tagi_full3_e16,0.00392156862745098,6.953125867107151
mixed,mean3,norm,tagi_full3_e16,0.01568627450980392,7.978689895586338
mixed,mean3,norm,tagi_full3_e16,0.06274509803921569,12.44176791248029
mixed,mean3,norm,tagi_full3_e16,0.25098039215686274,30.285342285586125
mixed,mean3,norm,tagi_full3_e4,0.00392156862745098,7.007285648087072
mixed,mean3,norm,tagi_full3_e4,0.01568627450980392,8.118318051898337
mixed,mean3,norm,tagi_full3_e4,0.06274509803921569,13.182823237726081
mixed,mean3,norm,tagi_full3_e4,0.25098039215686274,40.242596036346804
mixed,mean3,perceptual,adam_e1,0.00392156862745098,6.929329588566616
mixed,mean3,perceptual,adam_e1,0.01568627450980392,8.063649285463967
mixed,mean3,perceptual,adam_e1,0.06274509803921569,16.801704648082133
mixed,mean3,perceptual,adam_e1,0.25098039215686274,67.42031882355518
mixed,mean3,perceptual,adam_e16,0.00392156862745098,6.901790712575157
mixed,mean3,perceptual,adam_e16,0.01568627450980392,7.921087660213236
mixed,mean3,perceptual,adam_e16,0.06274509803921569,12.256423655840836
mixed,mean3,perceptual,adam_e16,0.25098039215686274,27.829981676088227
mixed,mean3,perceptual,adam_e4,0.00392156862745098,6.844712754186701
mixed,mean3,perceptual,adam_e4,0.01568627450980392,7.900120844015138
mixed,mean3,perceptual,adam_e4,0.06274509803921569,12.41209604515054
mixed,mean3,perceptual,adam_e4,0.25098039215686274,36.33615849546516
mixed,mean3,perceptual,random,0.00392156862745098,7.056264071625009
mixed,mean3,perceptual,random,0.01568627450980392,8.116794321467887
mixed,mean3,perceptual,random,0.06274509803921569,12.675246238459858
mixed,mean3,perceptual,random,0.25098039215686274,33.80149247019628
mixed,mean3,perceptual,tagi_full3_e1,0.00392156862745098,7.025032544796846
mixed,mean3,perceptual,tagi_full3_e1,0.01568627450980392,7.99465327455523
mixed,mean3,perceptual,tagi_full3_e1,0.06274509803921569,12.288351682812966
mixed,mean3,perceptual,tagi_full3_e1,0.25098039215686274,29.77528976095498
mixed,mean3,perceptual,tagi_full3_e16,0.00392156862745098,6.913470834272676
mixed,mean3,perceptual,tagi_full3_e16,0.01568627450980392,7.924899234451463
mixed,mean3,perceptual,tagi_full3_e16,0.06274509803921569,12.271374173505853
mixed,mean3,perceptual,tagi_full3_e16,0.25098039215686274,29.674107662441624
mixed,mean3,perceptual,tagi_full3_e4,0.00392156862745098,6.95465581215939
mixed,mean3,perceptual,tagi_full3_e4,0.01568627450980392,8.034503253721665
mixed,mean3,perceptual,tagi_full3_e4,0.06274509803921569,12.915360150301021
mixed,mean3,perceptual,tagi_full3_e4,0.25098039215686274,39.30643361780157
mixed,mean3,unchanged,adam_e1,0.00392156862745098,8.264028741907097
mixed,mean3,unchanged,adam_e1,0.01568627450980392,8.632267077319817
mixed,mean3,unchanged,adam_e1,0.06274509803921569,10.24841905411787
mixed,mean3,unchanged,adam_e1,0.25098039215686274,17.672395776627138
mixed,mean3,unchanged,adam_e16,0.00392156862745098,7.366732832451642
mixed,mean3,unchanged,adam_e16,0.01568627450980392,8.221378273284296
mixed,mean3,unchanged,adam_e16,0.06274509803921569,11.902245227855802
mixed,mean3,unchanged,adam_e16,0.25098039215686274,26.981777937798565
mixed,mean3,unchanged,adam_e4,0.00392156862745098,7.529073984030663
mixed,mean3,unchanged,adam_e4,0.01568627450980392,8.246152314682528
mixed,mean3,unchanged,adam_e4,0.06274509803921569,11.399171834898544
mixed,mean3,unchanged,adam_e4,0.25098039215686274,24.35124911398677
mixed,mean3,unchanged,tagi_full3_e1,0.00392156862745098,7.78302069165494
mixed,mean3,unchanged,tagi_full3_e1,0.01568627450980392,8.35055818811609
mixed,mean3,unchanged,tagi_full3_e1,0.06274509803921569,10.841269477349561
mixed,mean3,unchanged,tagi_full3_e1,0.25098039215686274,21.47059422838491
mixed,mean3,unchanged,tagi_full3_e16,0.00392156862745098,7.330014317544909
mixed,mean3,unchanged,tagi_full3_e16,0.01568627450980392,8.156425065354185
mixed,mean3,unchanged,tagi_full3_e16,0.06274509803921569,11.776186101061832
mixed,mean3,unchanged,tagi_full3_e16,0.25098039215686274,27.699894088213174
mixed,mean3,unchanged,tagi_full3_e4,0.00392156862745098,7.435858681822261
mixed,mean3,unchanged,tagi_full3_e4,0.01568627450980392,8.205975251603228
mixed,mean3,unchanged,tagi_full3_e4,0.06274509803921569,11.630943841680521
mixed,mean3,unchanged,tagi_full3_e4,0.25098039215686274,26.75957948460193
mixed,raw36,fg_norm_static,reference,0.00392156862745098,5.665278503976892
mixed,raw36,fg_norm_static,reference,0.01568627450980392,6.397698953511028
mixed,raw36,fg_norm_static,reference,0.06274509803921569,9.759302727852864
mixed,raw36,fg_norm_static,reference,0.25098039215686274,24.40036219230329
mixed,raw36,norm,adam_e1,0.00392156862745098,6.076180820181139
mixed,raw36,norm,adam_e1,0.01568627450980392,6.858689972835861
mixed,raw36,norm,adam_e1,0.06274509803921569,10.406967174589171
mixed,raw36,norm,adam_e1,0.25098039215686274,28.019136417162443
mixed,raw36,norm,adam_e16,0.00392156862745098,5.7584255073674555
mixed,raw36,norm,adam_e16,0.01568627450980392,6.590283138400611
mixed,raw36,norm,adam_e16,0.06274509803921569,10.36945528710519
mixed,raw36,norm,adam_e16,0.25098039215686274,25.372527890058823
mixed,raw36,norm,adam_e4,0.00392156862745098,5.972377929877073
mixed,raw36,norm,adam_e4,0.01568627450980392,6.775628565310233
mixed,raw36,norm,adam_e4,0.06274509803921569,10.508040438619908
mixed,raw36,norm,adam_e4,0.25098039215686274,27.46058385520678
mixed,raw36,norm,random,0.00392156862745098,6.281782908838944
mixed,raw36,norm,random,0.01568627450980392,7.023854503836947
mixed,raw36,norm,random,0.06274509803921569,10.348248561535428
mixed,raw36,norm,random,0.25098039215686274,26.659907678942286
mixed,raw36,norm,tagi_full3_e1,0.00392156862745098,6.20809803746582
mixed,raw36,norm,tagi_full3_e1,0.01568627450980392,7.0081779998928395
mixed,raw36,norm,tagi_full3_e1,0.06274509803921569,10.579971918588491
mixed,raw36,norm,tagi_full3_e1,0.25098039215686274,27.185554292486643
mixed,raw36,norm,tagi_full3_e16,0.00392156862745098,5.864439439348492
mixed,raw36,norm,tagi_full3_e16,0.01568627450980392,6.703479966809195
mixed,raw36,norm,tagi_full3_e16,0.06274509803921569,10.499462043424941
mixed,raw36,norm,tagi_full3_e16,0.25098039215686274,27.71072910848771
mixed,raw36,norm,tagi_full3_e4,0.00392156862745098,6.001995855747431
mixed,raw36,norm,tagi_full3_e4,0.01568627450980392,6.816278968746393
mixed,raw36,norm,tagi_full3_e4,0.06274509803921569,10.506910180968683
mixed,raw36,norm,tagi_full3_e4,0.25098039215686274,27.49901581836275
mixed,raw36,perceptual,adam_e1,0.00392156862745098,5.991855453584613
mixed,raw36,perceptual,adam_e1,0.01568627450980392,6.762789343049522
mixed,raw36,perceptual,adam_e1,0.06274509803921569,10.26712112095435
mixed,raw36,perceptual,adam_e1,0.25098039215686274,27.45685250513301
mixed,raw36,perceptual,adam_e16,0.00392156862745098,5.704878402564614
mixed,raw36,perceptual,adam_e16,0.01568627450980392,6.53542958775219
mixed,raw36,perceptual,adam_e16,0.06274509803921569,10.303834757549373
mixed,raw36,perceptual,adam_e16,0.25098039215686274,25.764511404194653
mixed,raw36,perceptual,adam_e4,0.00392156862745098,5.901238689046555
mixed,raw36,perceptual,adam_e4,0.01568627450980392,6.696438641325071
mixed,raw36,perceptual,adam_e4,0.06274509803921569,10.392664130277398
mixed,raw36,perceptual,adam_e4,0.25098039215686274,27.32142934745832
mixed,raw36,perceptual,random,0.00392156862745098,6.200654956324773
mixed,raw36,perceptual,random,0.01568627450980392,6.919802956063507
mixed,raw36,perceptual,random,0.06274509803921569,10.162049453456255
mixed,raw36,perceptual,random,0.25098039215686274,25.57106757132073
mixed,raw36,perceptual,tagi_full3_e1,0.00392156862745098,6.155234997489701
mixed,raw36,perceptual,tagi_full3_e1,0.01568627450980392,6.946784500616295
mixed,raw36,perceptual,tagi_full3_e1,0.06274509803921569,10.483940221481173
mixed,raw36,perceptual,tagi_full3_e1,0.25098039215686274,26.623726495588745
mixed,raw36,perceptual,tagi_full3_e16,0.00392156862745098,5.791459239647196
mixed,raw36,perceptual,tagi_full3_e16,0.01568627450980392,6.626412365083823
mixed,raw36,perceptual,tagi_full3_e16,0.06274509803921569,10.413933639758113
mixed,raw36,perceptual,tagi_full3_e16,0.25098039215686274,27.722985270125292
mixed,raw36,perceptual,tagi_full3_e4,0.00392156862745098,5.964993920357107
mixed,raw36,perceptual,tagi_full3_e4,0.01568627450980392,6.772685117728415
mixed,raw36,perceptual,tagi_full3_e4,0.06274509803921569,10.439332535475735
mixed,raw36,perceptual,tagi_full3_e4,0.25098039215686274,27.06810000942997
mixed,raw36,unchanged,adam_e1,0.00392156862745098,6.8858340269353775
mixed,raw36,unchanged,adam_e1,0.01568627450980392,7.458517379701902
mixed,raw36,unchanged,adam_e1,0.06274509803921569,10.015903185170982
mixed,raw36,unchanged,adam_e1,0.25098039215686274,22.242240963733366
mixed,raw36,unchanged,adam_e16,0.00392156862745098,5.9721889875835865
mixed,raw36,unchanged,adam_e16,0.01568627450980392,6.7496643461272
mixed,raw36,unchanged,adam_e16,0.06274509803921569,10.318645937487736
mixed,raw36,unchanged,adam_e16,0.25098039215686274,26.729481095581537
mixed,raw36,unchanged,adam_e4,0.00392156862745098,6.12569830631849
mixed,raw36,unchanged,adam_e4,0.01568627450980392,6.864766410191716
mixed,raw36,unchanged,adam_e4,0.06274509803921569,10.281187946935866
mixed,raw36,unchanged,adam_e4,0.25098039215686274,27.728278782081762
mixed,raw36,unchanged,tagi_full3_e1,0.00392156862745098,6.789531147916371
mixed,raw36,unchanged,tagi_full3_e1,0.01568627450980392,7.448454251019548
mixed,raw36,unchanged,tagi_full3_e1,0.06274509803921569,10.470249535987419
mixed,raw36,unchanged,tagi_full3_e1,0.25098039215686274,26.460529935505274
mixed,raw36,unchanged,tagi_full3_e16,0.00392156862745098,6.033193296459224
mixed,raw36,unchanged,tagi_full3_e16,0.01568627450980392,6.846921969097921
mixed,raw36,unchanged,tagi_full3_e16,0.06274509803921569,10.634914688870387
mixed,raw36,unchanged,tagi_full3_e16,0.25098039215686274,28.9536355335855
mixed,raw36,unchanged,tagi_full3_e4,0.00392156862745098,6.284403850965465
mixed,raw36,unchanged,tagi_full3_e4,0.01568627450980392,7.0520295407236615
mixed,raw36,unchanged,tagi_full3_e4,0.06274509803921569,10.65258416678495
mixed,raw36,unchanged,tagi_full3_e4,0.25098039215686274,29.412097954473975
slr_to_ipod,constant,constant,reference,0.00392156862745098,12.2671251312879
slr_to_ipod,constant,constant,reference,0.01568627450980392,12.2671251312879
slr_to_ipod,constant,constant,reference,0.06274509803921569,12.2671251312879
slr_to_ipod,constant,constant,reference,0.25098039215686274,12.2671251312879
slr_to_ipod,mean3,fg_norm_static,reference,0.00392156862745098,6.826405402841766
slr_to_ipod,mean3,fg_norm_static,reference,0.01568627450980392,7.516612023796195
slr_to_ipod,mean3,fg_norm_static,reference,0.06274509803921569,10.588345833347736
slr_to_ipod,mean3,fg_norm_static,reference,0.25098039215686274,23.26282234537659
slr_to_ipod,mean3,norm,adam_e1,0.00392156862745098,7.739960388176372
slr_to_ipod,mean3,norm,adam_e1,0.01568627450980392,8.76782760859387
slr_to_ipod,mean3,norm,adam_e1,0.06274509803921569,13.25740894380405
slr_to_ipod,mean3,norm,adam_e1,0.25098039215686274,33.417811578208735
slr_to_ipod,mean3,norm,adam_e16,0.00392156862745098,7.478095277274917
slr_to_ipod,mean3,norm,adam_e16,0.01568627450980392,8.486392613911187
slr_to_ipod,mean3,norm,adam_e16,0.06274509803921569,12.594866840736328
slr_to_ipod,mean3,norm,adam_e16,0.25098039215686274,27.440780576313898
slr_to_ipod,mean3,norm,adam_e4,0.00392156862745098,7.540968392816193
slr_to_ipod,mean3,norm,adam_e4,0.01568627450980392,8.530129726542013
slr_to_ipod,mean3,norm,adam_e4,0.06274509803921569,13.117266585816488
slr_to_ipod,mean3,norm,adam_e4,0.25098039215686274,37.30991125200823
slr_to_ipod,mean3,norm,random,0.00392156862745098,7.930301842750573
slr_to_ipod,mean3,norm,random,0.01568627450980392,8.938596236546942
slr_to_ipod,mean3,norm,random,0.06274509803921569,13.018508008700465
slr_to_ipod,mean3,norm,random,0.25098039215686274,30.630565103251417
slr_to_ipod,mean3,norm,tagi_full3_e1,0.00392156862745098,10.099542386439905
slr_to_ipod,mean3,norm,tagi_full3_e1,0.01568627450980392,11.28917656605334
slr_to_ipod,mean3,norm,tagi_full3_e1,0.06274509803921569,16.34472838942877
slr_to_ipod,mean3,norm,tagi_full3_e1,0.25098039215686274,37.13296864409444
slr_to_ipod,mean3,norm,tagi_full3_e16,0.00392156862745098,7.536624441314146
slr_to_ipod,mean3,norm,tagi_full3_e16,0.01568627450980392,8.548321371929326
slr_to_ipod,mean3,norm,tagi_full3_e16,0.06274509803921569,12.726783109228743
slr_to_ipod,mean3,norm,tagi_full3_e16,0.25098039215686274,28.265230612461508
slr_to_ipod,mean3,norm,tagi_full3_e4,0.00392156862745098,7.453926398394238
slr_to_ipod,mean3,norm,tagi_full3_e4,0.01568627450980392,8.519221642425672
slr_to_ipod,mean3,norm,tagi_full3_e4,0.06274509803921569,13.636986012263291
slr_to_ipod,mean3,norm,tagi_full3_e4,0.25098039215686274,46.74953956758094
slr_to_ipod,mean3,perceptual,adam_e1,0.00392156862745098,7.5231498021174845
slr_to_ipod,mean3,perceptual,adam_e1,0.01568627450980392,8.415902770487989
slr_to_ipod,mean3,perceptual,adam_e1,0.06274509803921569,12.320696465761083
slr_to_ipod,mean3,perceptual,adam_e1,0.25098039215686274,31.957371415277
slr_to_ipod,mean3,perceptual,adam_e16,0.00392156862745098,7.444171725049365
slr_to_ipod,mean3,perceptual,adam_e16,0.01568627450980392,8.356100398361482
slr_to_ipod,mean3,perceptual,adam_e16,0.06274509803921569,12.08978710743718
slr_to_ipod,mean3,perceptual,adam_e16,0.25098039215686274,26.398593620593378
slr_to_ipod,mean3,perceptual,adam_e4,0.00392156862745098,7.4239237886135285
slr_to_ipod,mean3,perceptual,adam_e4,0.01568627450980392,8.302874732642879
slr_to_ipod,mean3,perceptual,adam_e4,0.06274509803921569,12.419844107240152
slr_to_ipod,mean3,perceptual,adam_e4,0.25098039215686274,36.53659140416335
slr_to_ipod,mean3,perceptual,random,0.00392156862745098,7.950516630460086
slr_to_ipod,mean3,perceptual,random,0.01568627450980392,8.866749367074616
slr_to_ipod,mean3,perceptual,random,0.06274509803921569,12.542556951183371
slr_to_ipod,mean3,perceptual,random,0.25098039215686274,29.36130811476166
slr_to_ipod,mean3,perceptual,tagi_full3_e1,0.00392156862745098,10.448300069846004
slr_to_ipod,mean3,perceptual,tagi_full3_e1,0.01568627450980392,11.562878572372556
slr_to_ipod,mean3,perceptual,tagi_full3_e1,0.06274509803921569,16.295336150356075
slr_to_ipod,mean3,perceptual,tagi_full3_e1,0.25098039215686274,37.9006910494251
slr_to_ipod,mean3,perceptual,tagi_full3_e16,0.00392156862745098,7.454249865369465
slr_to_ipod,mean3,perceptual,tagi_full3_e16,0.01568627450980392,8.384785647415693
slr_to_ipod,mean3,perceptual,tagi_full3_e16,0.06274509803921569,12.265997135613793
slr_to_ipod,mean3,perceptual,tagi_full3_e16,0.25098039215686274,27.054245568810725
slr_to_ipod,mean3,perceptual,tagi_full3_e4,0.00392156862745098,7.389431274825665
slr_to_ipod,mean3,perceptual,tagi_full3_e4,0.01568627450980392,8.370015848185517
slr_to_ipod,mean3,perceptual,tagi_full3_e4,0.06274509803921569,13.189670437968411
slr_to_ipod,mean3,perceptual,tagi_full3_e4,0.25098039215686274,47.52205097739424
slr_to_ipod,mean3,unchanged,adam_e1,0.00392156862745098,8.535979501468143
slr_to_ipod,mean3,unchanged,adam_e1,0.01568627450980392,8.73320166385394
slr_to_ipod,mean3,unchanged,adam_e1,0.06274509803921569,9.569690577319182
slr_to_ipod,mean3,unchanged,adam_e1,0.25098039215686274,13.802280473356324
slr_to_ipod,mean3,unchanged,adam_e16,0.00392156862745098,7.671431779484627
slr_to_ipod,mean3,unchanged,adam_e16,0.01568627450980392,8.08963774717083
slr_to_ipod,mean3,unchanged,adam_e16,0.06274509803921569,9.883853886158139
slr_to_ipod,mean3,unchanged,adam_e16,0.25098039215686274,17.85716435053092
slr_to_ipod,mean3,unchanged,adam_e4,0.00392156862745098,7.595597851900332
slr_to_ipod,mean3,unchanged,adam_e4,0.01568627450980392,7.888011181983224
slr_to_ipod,mean3,unchanged,adam_e4,0.06274509803921569,9.186918569171544
slr_to_ipod,mean3,unchanged,adam_e4,0.25098039215686274,15.244167922936038
slr_to_ipod,mean3,unchanged,tagi_full3_e1,0.00392156862745098,8.313735761034575
slr_to_ipod,mean3,unchanged,tagi_full3_e1,0.01568627450980392,8.578624883627315
slr_to_ipod,mean3,unchanged,tagi_full3_e1,0.06274509803921569,9.711362884091809
slr_to_ipod,mean3,unchanged,tagi_full3_e1,0.25098039215686274,14.780121448857365
slr_to_ipod,mean3,unchanged,tagi_full3_e16,0.00392156862745098,7.539308284472483
slr_to_ipod,mean3,unchanged,tagi_full3_e16,0.01568627450980392,8.03578599225733
slr_to_ipod,mean3,unchanged,tagi_full3_e16,0.06274509803921569,10.066243184758777
slr_to_ipod,mean3,unchanged,tagi_full3_e16,0.25098039215686274,17.915068688797927
slr_to_ipod,mean3,unchanged,tagi_full3_e4,0.00392156862745098,7.6281622483910025
slr_to_ipod,mean3,unchanged,tagi_full3_e4,0.01568627450980392,7.972063136927083
slr_to_ipod,mean3,unchanged,tagi_full3_e4,0.06274509803921569,9.47080345482632
slr_to_ipod,mean3,unchanged,tagi_full3_e4,0.25098039215686274,15.66452340410242
slr_to_ipod,raw36,fg_norm_static,reference,0.00392156862745098,8.737590084838933
slr_to_ipod,raw36,fg_norm_static,reference,0.01568627450980392,9.16800757166241
slr_to_ipod,raw36,fg_norm_static,reference,0.06274509803921569,10.981997208559834
slr_to_ipod,raw36,fg_norm_static,reference,0.25098039215686274,18.91508857996895
slr_to_ipod,raw36,norm,adam_e1,0.00392156862745098,8.948223894663455
slr_to_ipod,raw36,norm,adam_e1,0.01568627450980392,9.51465234595242
slr_to_ipod,raw36,norm,adam_e1,0.06274509803921569,11.774994973991758
slr_to_ipod,raw36,norm,adam_e1,0.25098039215686274,21.301659960219897
slr_to_ipod,raw36,norm,adam_e16,0.00392156862745098,8.926807779831863
slr_to_ipod,raw36,norm,adam_e16,0.01568627450980392,9.470707902551704
slr_to_ipod,raw36,norm,adam_e16,0.06274509803921569,11.649640229479132
slr_to_ipod,raw36,norm,adam_e16,0.25098039215686274,22.378801085650384
slr_to_ipod,raw36,norm,adam_e4,0.00392156862745098,9.429593941555252
slr_to_ipod,raw36,norm,adam_e4,0.01568627450980392,9.980455334043148
slr_to_ipod,raw36,norm,adam_e4,0.06274509803921569,12.17602725468952
slr_to_ipod,raw36,norm,adam_e4,0.25098039215686274,21.474495076886893
slr_to_ipod,raw36,norm,random,0.00392156862745098,9.455091035183786
slr_to_ipod,raw36,norm,random,0.01568627450980392,9.968753981345936
slr_to_ipod,raw36,norm,random,0.06274509803921569,12.097427307265457
slr_to_ipod,raw36,norm,random,0.25098039215686274,22.516277076281693
slr_to_ipod,raw36,norm,tagi_full3_e1,0.00392156862745098,9.041236513557655
slr_to_ipod,raw36,norm,tagi_full3_e1,0.01568627450980392,9.589303025507531
slr_to_ipod,raw36,norm,tagi_full3_e1,0.06274509803921569,11.819056156520302
slr_to_ipod,raw36,norm,tagi_full3_e1,0.25098039215686274,21.83968552515965
slr_to_ipod,raw36,norm,tagi_full3_e16,0.00392156862745098,8.658121689229732
slr_to_ipod,raw36,norm,tagi_full3_e16,0.01568627450980392,9.262590291845227
slr_to_ipod,raw36,norm,tagi_full3_e16,0.06274509803921569,11.6641403287309
slr_to_ipod,raw36,norm,tagi_full3_e16,0.25098039215686274,22.71246225301647
slr_to_ipod,raw36,norm,tagi_full3_e4,0.00392156862745098,9.187616807516173
slr_to_ipod,raw36,norm,tagi_full3_e4,0.01568627450980392,9.753023590209727
slr_to_ipod,raw36,norm,tagi_full3_e4,0.06274509803921569,12.009846439043642
slr_to_ipod,raw36,norm,tagi_full3_e4,0.25098039215686274,22.409945976468958
slr_to_ipod,raw36,perceptual,adam_e1,0.00392156862745098,9.140649748013727
slr_to_ipod,raw36,perceptual,adam_e1,0.01568627450980392,9.681708936750711
slr_to_ipod,raw36,perceptual,adam_e1,0.06274509803921569,11.842103222455302
slr_to_ipod,raw36,perceptual,adam_e1,0.25098039215686274,20.224238572946458
slr_to_ipod,raw36,perceptual,adam_e16,0.00392156862745098,9.255037770963968
slr_to_ipod,raw36,perceptual,adam_e16,0.01568627450980392,9.750097986475867
slr_to_ipod,raw36,perceptual,adam_e16,0.06274509803921569,11.709866190397577
slr_to_ipod,raw36,perceptual,adam_e16,0.25098039215686274,21.461244014153248
slr_to_ipod,raw36,perceptual,adam_e4,0.00392156862745098,9.621388443188795
slr_to_ipod,raw36,perceptual,adam_e4,0.01568627450980392,10.132610856774223
slr_to_ipod,raw36,perceptual,adam_e4,0.06274509803921569,12.150205600493123
slr_to_ipod,raw36,perceptual,adam_e4,0.25098039215686274,20.251950986829886
slr_to_ipod,raw36,perceptual,random,0.00392156862745098,9.83090251057065
slr_to_ipod,raw36,perceptual,random,0.01568627450980392,10.309873549968758
slr_to_ipod,raw36,perceptual,random,0.06274509803921569,12.311746540033694
slr_to_ipod,raw36,perceptual,random,0.25098039215686274,22.610524112043436
slr_to_ipod,raw36,perceptual,tagi_full3_e1,0.00392156862745098,9.204059594755462
slr_to_ipod,raw36,perceptual,tagi_full3_e1,0.01568627450980392,9.720619636092088
slr_to_ipod,raw36,perceptual,tagi_full3_e1,0.06274509803921569,11.835042993253959
slr_to_ipod,raw36,perceptual,tagi_full3_e1,0.25098039215686274,20.794467096214614
slr_to_ipod,raw36,perceptual,tagi_full3_e16,0.00392156862745098,8.849328894797942
slr_to_ipod,raw36,perceptual,tagi_full3_e16,0.01568627450980392,9.41221641133279
slr_to_ipod,raw36,perceptual,tagi_full3_e16,0.06274509803921569,11.595357267654316
slr_to_ipod,raw36,perceptual,tagi_full3_e16,0.25098039215686274,21.652490353027428
slr_to_ipod,raw36,perceptual,tagi_full3_e4,0.00392156862745098,9.41345335972337
slr_to_ipod,raw36,perceptual,tagi_full3_e4,0.01568627450980392,9.937023646170408
slr_to_ipod,raw36,perceptual,tagi_full3_e4,0.06274509803921569,12.002247653583012
slr_to_ipod,raw36,perceptual,tagi_full3_e4,0.25098039215686274,21.833373086439604
slr_to_ipod,raw36,unchanged,adam_e1,0.00392156862745098,9.39673315796942
slr_to_ipod,raw36,unchanged,adam_e1,0.01568627450980392,9.692670682346138
slr_to_ipod,raw36,unchanged,adam_e1,0.06274509803921569,10.878214760912881
slr_to_ipod,raw36,unchanged,adam_e1,0.25098039215686274,15.363848545109676
slr_to_ipod,raw36,unchanged,adam_e16,0.00392156862745098,9.063413270766526
slr_to_ipod,raw36,unchanged,adam_e16,0.01568627450980392,9.526596666528798
slr_to_ipod,raw36,unchanged,adam_e16,0.06274509803921569,11.395732948283003
slr_to_ipod,raw36,unchanged,adam_e16,0.25098039215686274,21.657141393163055
slr_to_ipod,raw36,unchanged,adam_e4,0.00392156862745098,8.031924603839077
slr_to_ipod,raw36,unchanged,adam_e4,0.01568627450980392,8.459120365866093
slr_to_ipod,raw36,unchanged,adam_e4,0.06274509803921569,10.202934963883795
slr_to_ipod,raw36,unchanged,adam_e4,0.25098039215686274,17.01493271855563
slr_to_ipod,raw36,unchanged,tagi_full3_e1,0.00392156862745098,9.040067428495355
slr_to_ipod,raw36,unchanged,tagi_full3_e1,0.01568627450980392,9.41820266347028
slr_to_ipod,raw36,unchanged,tagi_full3_e1,0.06274509803921569,10.96525789563315
slr_to_ipod,raw36,unchanged,tagi_full3_e1,0.25098039215686274,17.087037379267617
slr_to_ipod,raw36,unchanged,tagi_full3_e16,0.00392156862745098,8.857014292707818
slr_to_ipod,raw36,unchanged,tagi_full3_e16,0.01568627450980392,9.395664366733453
slr_to_ipod,raw36,unchanged,tagi_full3_e16,0.06274509803921569,11.540612479366658
slr_to_ipod,raw36,unchanged,tagi_full3_e16,0.25098039215686274,22.329599582449323
slr_to_ipod,raw36,unchanged,tagi_full3_e4,0.00392156862745098,8.247961879220222
slr_to_ipod,raw36,unchanged,tagi_full3_e4,0.01568627450980392,8.739944313878773
slr_to_ipod,raw36,unchanged,tagi_full3_e4,0.06274509803921569,10.751398631344868
slr_to_ipod,raw36,unchanged,tagi_full3_e4,0.25098039215686274,19.126544318371383
