method,family,domain,scorable,planned,refused,mean_reproduction,median_reproduction,risk80
ccv2_direct_large_g0_s17,v2_direct,all,72,88,2,5.279432644325209,4.648356268199931,4.420004975612561
ccv2_direct_large_g0_s17,v2_direct,samsung,37,44,0,4.416527493050062,3.538517654998002,3.5879975206518413
ccv2_direct_large_g0_s17,v2_direct,oppo,35,44,2,6.191646661387507,5.656548106420218,5.2817269825361635
ccv2_direct_large_g0_s29,v2_direct,all,72,88,2,5.067857985780211,4.362646242622485,4.427599764979625
ccv2_direct_large_g0_s29,v2_direct,samsung,37,44,0,4.002943263016439,4.045284487807647,3.8817118581107626
ccv2_direct_large_g0_s29,v2_direct,oppo,35,44,2,6.1936249784161985,4.691440665413768,5.121558638830973
ccv2_direct_large_g0_s43,v2_direct,all,72,88,2,5.064376047809498,4.1979086549714415,4.293492902877157
ccv2_direct_large_g0_s43,v2_direct,samsung,37,44,0,4.220313427977365,4.122008743632449,3.8755921711901626
ccv2_direct_large_g0_s43,v2_direct,oppo,35,44,2,5.956670817346325,4.835054874465883,5.131725889650824
ccv2_sog_large_g0_s17,v2_sog,all,72,88,2,4.4501151014173175,3.2364887864251006,3.9249368502840642
ccv2_sog_large_g0_s17,v2_sog,samsung,37,44,0,4.000733191887558,3.224954350309862,3.914905397000241
ccv2_sog_large_g0_s17,v2_sog,oppo,35,44,2,4.925175977205921,3.312382107602178,3.8057982080944504
ccv2_sog_large_g0_s29,v2_sog,all,72,88,2,4.774007519809129,3.35139658793198,3.673028299774418
ccv2_sog_large_g0_s29,v2_sog,samsung,37,44,0,4.672553228100011,3.475043001591192,3.7762271971323145
ccv2_sog_large_g0_s29,v2_sog,oppo,35,44,2,4.881259199615911,3.323837952786945,3.6479961226991797
ccv2_sog_large_g0_s43,v2_sog,all,72,88,2,4.761204258296142,3.5900041531631848,3.8665367579087087
ccv2_sog_large_g0_s43,v2_sog,samsung,37,44,0,4.328963157654655,3.6204905484142786,4.004895244107977
ccv2_sog_large_g0_s43,v2_sog,oppo,35,44,2,5.218144850402858,3.386093497120272,3.9318183508432645
gw_ridge1,gw_ridge1,all,72,88,2,5.798295421798704,3.971393916985866,4.444567448031916
gw_ridge1,gw_ridge1,samsung,37,44,0,4.291859044115081,3.706388782188914,4.48094513731404
gw_ridge1,gw_ridge1,oppo,35,44,2,7.390813878207109,4.732953133666676,4.24188384196249
direct_hgb7,direct_hgb7,all,72,88,2,5.385920575768192,4.576646974382472,4.599217407464599
direct_hgb7,direct_hgb7,samsung,37,44,0,4.320368483836175,3.950608632869425,4.055834998738033
direct_hgb7,direct_hgb7,oppo,35,44,2,6.512361358667752,5.777556335281228,5.030240234001404
v5_point_s17,v5_point,all,72,88,2,5.306248111310385,4.51860225478583,NOT MEASURED
v5_point_s17,v5_point,samsung,37,44,0,4.193587447955808,3.456683787608449,NOT MEASURED
v5_point_s17,v5_point,oppo,35,44,2,6.482489383999509,5.509734344882321,NOT MEASURED
v5_posterior_random_s17,v5_posterior_random,all,72,88,2,5.358021187985135,4.138651698005736,5.092487654401691
v5_posterior_random_s17,v5_posterior_random,samsung,37,44,0,4.821279597971258,4.273813577233085,4.523438276827576
v5_posterior_random_s17,v5_posterior_random,oppo,35,44,2,5.925433725999806,3.981308830439936,5.681860224032024
v5_action_random_s17,v5_action_random,all,72,88,2,5.086798479529919,4.025191033843143,4.830279454963166
v5_action_random_s17,v5_action_random,samsung,37,44,0,4.197387808521047,3.975533660349866,4.112788975503022
v5_action_random_s17,v5_action_random,oppo,35,44,2,6.027032617453582,4.289759955113259,5.565569349680895
v5_transport_random_s17,v5_transport_random,all,72,88,2,4.906179514928517,4.196801231871781,4.703188641158942
v5_transport_random_s17,v5_transport_random,samsung,37,44,0,3.871062504073274,3.839456564885454,3.7878371887876483
v5_transport_random_s17,v5_transport_random,oppo,35,44,2,6.000446069261202,4.82544725937285,5.530936401694355
v5_transport_policy_s17,v5_transport_policy,all,72,88,2,4.919217031651962,3.9452085679813753,4.664599693583282
v5_transport_policy_s17,v5_transport_policy,samsung,37,44,0,4.113587327272132,3.743720059345903,4.10284046488388
v5_transport_policy_s17,v5_transport_policy,oppo,35,44,2,5.7708827191392125,4.1350115448499345,5.336678143822887
v5_transport_gradient_s17,v5_transport_gradient,all,72,88,2,4.872623261732782,4.162670104641899,4.748269155614742
v5_transport_gradient_s17,v5_transport_gradient,samsung,37,44,0,4.310482371155641,4.170095676613357,4.426581636767348
v5_transport_gradient_s17,v5_transport_gradient,oppo,35,44,2,5.466886488914333,4.155244532670441,5.106158725255928
v5_point_s29,v5_point,all,72,88,2,4.9544191883102515,4.5076765038574145,NOT MEASURED
v5_point_s29,v5_point,samsung,37,44,0,4.393868870912745,4.0302098026324495,NOT MEASURED
v5_point_s29,v5_point,oppo,35,44,2,5.547000952416187,4.832108806664598,NOT MEASURED
v5_posterior_random_s29,v5_posterior_random,all,72,88,2,4.454312278025078,3.3884909048948755,4.396889826874775
v5_posterior_random_s29,v5_posterior_random,samsung,37,44,0,3.691476915939506,3.1114787256136647,3.8233585637652494
v5_posterior_random_s29,v5_posterior_random,oppo,35,44,2,5.2607382322298255,3.689902654434687,4.819223633469086
v5_action_random_s29,v5_action_random,all,72,88,2,4.619106175263173,2.9877085964611036,4.294023372620706
v5_action_random_s29,v5_action_random,samsung,37,44,0,3.9419358140690943,2.812201114318916,3.83636451994387
v5_action_random_s29,v5_action_random,oppo,35,44,2,5.334971985668342,3.1177431428177402,4.768027184321715
v5_transport_random_s29,v5_transport_random,all,72,88,2,5.215855998248896,4.738309076952602,4.912016650564454
v5_transport_random_s29,v5_transport_random,samsung,37,44,0,4.652637208355166,4.422569461403832,4.631659613350526
v5_transport_random_s29,v5_transport_random,oppo,35,44,2,5.811258718993697,5.348241047366412,5.24148451060169
v5_transport_policy_s29,v5_transport_policy,all,72,88,2,4.996959348513216,3.916228773264236,4.6337363600645505
v5_transport_policy_s29,v5_transport_policy,samsung,37,44,0,4.288623743659905,3.783974772277183,4.102858936506428
v5_transport_policy_s29,v5_transport_policy,oppo,35,44,2,5.745771273643858,4.464310977350262,5.320855103401991
v5_transport_gradient_s29,v5_transport_gradient,all,72,88,2,4.666894172666425,4.021280019675542,4.554451572645689
v5_transport_gradient_s29,v5_transport_gradient,samsung,37,44,0,4.005523468321303,3.8250113705298348,4.2030325848997245
v5_transport_gradient_s29,v5_transport_gradient,oppo,35,44,2,5.366057488688411,4.562820654881135,4.995184099263369
v5_point_s43,v5_point,all,72,88,2,5.242368312172728,4.3543882526021775,NOT MEASURED
v5_point_s43,v5_point,samsung,37,44,0,4.292459886827566,3.9593867700851773,NOT MEASURED
v5_point_s43,v5_point,oppo,35,44,2,6.246557218966184,4.902185028898233,NOT MEASURED
v5_posterior_random_s43,v5_posterior_random,all,72,88,2,5.035852772944279,3.6102185569585634,5.094336221120022
v5_posterior_random_s43,v5_posterior_random,samsung,37,44,0,4.127309910401988,3.623367631205884,4.508337450481329
v5_posterior_random_s43,v5_posterior_random,oppo,35,44,2,5.9963123704889885,3.5635023934357486,5.825592729482017
v5_action_random_s43,v5_action_random,all,72,88,2,5.031641467796846,3.927583014417364,5.068667859473857
v5_action_random_s43,v5_action_random,samsung,37,44,0,4.013012784739489,2.954855167169487,4.325433738646784
v5_action_random_s43,v5_action_random,oppo,35,44,2,6.108477504171766,5.37635528563785,5.739421025382874
v5_transport_random_s43,v5_transport_random,all,72,88,2,5.355377019200388,4.333578005194898,5.298525603562043
v5_transport_random_s43,v5_transport_random,samsung,37,44,0,4.534612000824843,3.457414150580075,4.575958735883738
v5_transport_random_s43,v5_transport_random,oppo,35,44,2,6.22304289576882,5.069737592153373,5.896776729704243
v5_transport_policy_s43,v5_transport_policy,all,72,88,2,5.063589242350034,3.9349055060361526,5.121518811647862
v5_transport_policy_s43,v5_transport_policy,samsung,37,44,0,4.168163585420881,3.6605157017358656,4.54886923602
v5_transport_policy_s43,v5_transport_policy,oppo,35,44,2,6.010182079675136,5.093394914055333,5.7146201578338625
v5_transport_gradient_s43,v5_transport_gradient,all,72,88,2,5.345878083518713,4.046421768289557,5.478444932711946
v5_transport_gradient_s43,v5_transport_gradient,samsung,37,44,0,4.769273712841097,4.1248859888434755,5.071785005701306
v5_transport_gradient_s43,v5_transport_gradient,oppo,35,44,2,5.955431275377905,4.042100732530649,5.700145664417484
gray_world,gray_world,all,72,88,2,6.567652205684719,5.542019541504484,5.833931198834123
gray_world,gray_world,samsung,37,44,0,6.311796320247867,5.331029126248796,5.849280433747875
gray_world,gray_world,oppo,35,44,2,6.838128427432248,5.9777168112888175,5.94760878131722
max_rgb,max_rgb,all,72,88,2,13.842588614926541,16.539804146564848,12.655772575368134
max_rgb,max_rgb,samsung,37,44,0,14.375890261610149,17.593122197878966,13.123599287508055
max_rgb,max_rgb,oppo,35,44,2,13.278812588432439,15.716921128092597,12.171237766366074
shades_gray,shades_gray,all,72,88,2,5.1470044227776,4.172209762054878,4.915392314761885
shades_gray,shades_gray,samsung,37,44,0,4.667575941906974,4.027848428700659,4.692844556195693
shades_gray,shades_gray,oppo,35,44,2,5.653828816840836,4.493377523242226,5.145888207562583
gray_edge,gray_edge,all,72,88,2,5.263496355245723,3.4890936702234043,5.12484740521458
gray_edge,gray_edge,samsung,37,44,0,4.676431185776649,3.3074308436880533,4.542505543687023
gray_edge,gray_edge,oppo,35,44,2,5.884108105827314,3.5761992085541805,5.709656283051678
